COO,GI,GI_cluster,GI_label,NonGI,PDO,PGI,TSG,breed,country,domestic,lnarea,lnproduction,lnsourcing,longevity,maturation,national,organic,packsize,price,producers,smoked,store
Germany,1,Schwarzwälder Schinken,PGI,0,0,1,0,0,Germany,1,9.341368675231934,NA,15.236437797546387,24.18611111111111,3,0,0,100,2.19,NA,1,REWE
NA,0,NA,Non-GI,1,0,0,1,0,Germany,0,NA,NA,15.236437797546387,21.383333333333333,7,1,0,80,2.74,NA,0,REWE
NA,0,NA,Non-GI,1,0,0,1,0,Germany,0,NA,NA,15.236437797546387,21.383333333333333,7,0,0,100,2.99,NA,0,REWE
Germany,1,Schwarzwälder Schinken,PGI,0,0,1,0,0,Germany,1,9.341368675231934,NA,15.236437797546387,24.18611111111111,3,1,0,80,2.36,NA,1,REWE
Germany,1,Schwarzwälder Schinken,PGI,0,0,1,0,0,Germany,1,9.341368675231934,NA,15.236437797546387,24.18611111111111,3,0,1,70,3.7,NA,1,REWE
Italy,1,Prosciutto di Parma,PDO,0,1,0,0,0,Germany,0,6.8877787590026855,11.396391868591309,12.004497528076172,24.77777777777778,14,1,0,70,4.27,140,0,REWE
NA,0,NA,Non-GI,1,0,0,0,0,Germany,0,NA,NA,15.236437797546387,NA,18,0,0,100,4.99,NA,0,REWE
Italy,1,Südtiroler Speck,PGI,0,0,1,0,0,Germany,0,8.909016609191895,9.522181510925293,15.236437797546387,24.77777777777778,5,1,0,80,2.86,28,1,REWE
NA,0,NA,Non-GI,1,0,0,1,0,Germany,0,NA,NA,15.236437797546387,21.383333333333333,11,1,0,80,3.36,NA,0,REWE
NA,0,NA,Non-GI,1,0,0,0,0,Germany,0,NA,NA,15.236437797546387,NA,16,0,0,90,4.77,NA,0,REWE
NA,0,NA,Non-GI,1,0,0,0,1,Germany,0,NA,NA,15.236437797546387,NA,20,0,0,70,8.56,NA,0,REWE
NA,0,NA,Non-GI,1,0,0,0,0,Germany,1,NA,NA,15.236437797546387,NA,0,0,0,150,1.09,NA,0,REWE
NA,0,NA,Non-GI,1,0,0,1,0,Germany,0,NA,NA,15.236437797546387,21.383333333333333,11,1,0,80,2.69,NA,0,EDEKA
Germany,1,Schwarzwälder Schinken,PGI,0,0,1,0,0,Germany,1,9.341368675231934,NA,15.236437797546387,24.18611111111111,3,0,1,100,2.99,NA,1,EDEKA
NA,0,NA,Non-GI,1,0,0,0,0,Germany,1,NA,NA,15.236437797546387,NA,0,1,0,80,1.49,NA,1,EDEKA
Germany,1,Schwarzwälder Schinken,PGI,0,0,1,0,0,Germany,1,9.341368675231934,NA,15.236437797546387,24.18611111111111,3,1,0,80,1.49,NA,1,EDEKA
NA,0,NA,Non-GI,1,0,0,0,0,Germany,1,NA,NA,15.236437797546387,NA,0,1,0,80,1.49,NA,0,EDEKA
NA,0,NA,Non-GI,1,0,0,0,0,Germany,1,NA,NA,15.236437797546387,NA,0,1,0,100,2.15,NA,1,EDEKA
NA,0,NA,Non-GI,1,0,0,0,0,Germany,0,NA,NA,15.236437797546387,NA,11,1,0,80,2.69,NA,0,EDEKA
NA,0,NA,Non-GI,1,0,0,0,0,Germany,0,NA,NA,15.236437797546387,NA,12,0,0,70,2.84,NA,0,EDEKA
NA,0,NA,Non-GI,1,0,0,1,0,Germany,0,NA,NA,15.236437797546387,21.383333333333333,11,0,0,80,2.49,NA,0,EDEKA
NA,0,NA,Non-GI,1,0,0,0,0,Germany,1,NA,NA,15.236437797546387,NA,4,0,0,200,1.1,NA,0,EDEKA
NA,0,NA,Non-GI,1,0,0,1,0,Germany,0,NA,NA,15.236437797546387,21.383333333333333,16,1,0,70,3.07,NA,0,EDEKA
NA,0,NA,Non-GI,1,0,0,1,0,Germany,0,NA,NA,15.236437797546387,21.383333333333333,12,0,0,80,2.49,NA,0,EDEKA
Germany,1,Schwarzwälder Schinken,PGI,0,0,1,0,0,Germany,1,9.341368675231934,NA,15.236437797546387,24.18611111111111,3,0,0,200,1.1,NA,1,EDEKA
NA,0,NA,Non-GI,1,0,0,0,0,Germany,0,NA,NA,15.236437797546387,NA,7,1,0,80,2.69,NA,0,EDEKA
Italy,1,Prosciutto di Parma,PDO,0,1,0,0,0,Germany,0,6.8877787590026855,11.396391868591309,12.004497528076172,24.77777777777778,16,0,0,90,2.99,140,0,EDEKA
NA,0,NA,Non-GI,1,0,0,0,0,Germany,1,NA,NA,15.236437797546387,NA,0,0,0,100,2.49,NA,1,EDEKA
Italy,1,Südtiroler Speck,PGI,0,0,1,0,0,Germany,0,8.909016609191895,9.522181510925293,15.236437797546387,24.77777777777778,5,0,0,100,1.99,28,1,EDEKA
NA,0,NA,Non-GI,1,0,0,0,0,Austria,0,NA,NA,15.236437797546387,NA,12,0,0,120,4.99,NA,0,Billa
NA,0,NA,Non-GI,1,0,0,0,0,Austria,1,NA,NA,15.236437797546387,NA,0,0,0,100,2.05,NA,1,Billa
NA,0,NA,Non-GI,1,0,0,0,0,Austria,1,NA,NA,15.236437797546387,NA,0,0,0,100,3.99,NA,1,Billa
Italy,1,Prosciutto di Parma,PDO,0,1,0,0,0,Austria,0,6.8877787590026855,11.396391868591309,12.004497528076172,24.77777777777778,18,0,0,100,5.99,140,0,Billa
NA,0,NA,Non-GI,1,0,0,0,0,Austria,0,NA,NA,15.236437797546387,NA,10,1,0,100,2.49,NA,0,Billa
Italy,1,Prosciutto di San Daniele,PDO,0,1,0,0,0,Austria,0,3.5490424633026123,10.16889762878418,12.025091171264648,24.77777777777778,18,0,0,80,6.24,28,0,Billa
Italy,1,Prosciutto di Parma,PDO,0,1,0,0,0,Austria,0,6.8877787590026855,11.396391868591309,12.004497528076172,24.77777777777778,16,1,0,100,3.99,140,0,Billa
NA,0,NA,Non-GI,1,0,0,0,0,Austria,0,NA,NA,15.236437797546387,NA,12,0,0,90,6.43,NA,0,Billa
NA,0,NA,Non-GI,1,0,0,0,0,Austria,1,NA,NA,15.236437797546387,NA,14,1,0,80,6.24,NA,0,Billa
NA,0,NA,Non-GI,1,0,0,0,0,Austria,1,NA,NA,15.236437797546387,NA,6,0,0,100,3.19,NA,0,Interspar
NA,0,NA,Non-GI,1,0,0,0,0,Austria,0,NA,NA,15.236437797546387,NA,18,0,0,80,6.24,NA,0,Interspar
Italy,1,Prosciutto di San Daniele,PDO,0,1,0,0,0,Austria,0,3.5490424633026123,10.16889762878418,12.025091171264648,24.77777777777778,13,0,0,80,6.24,28,0,Interspar
NA,0,NA,Non-GI,1,0,0,0,0,Austria,0,NA,NA,15.236437797546387,NA,0,0,0,90,3.32,NA,0,Interspar
NA,0,NA,Non-GI,1,0,0,0,0,Austria,0,NA,NA,15.236437797546387,NA,10,0,0,100,1.99,NA,0,Interspar
NA,0,NA,Non-GI,1,0,0,0,0,Austria,1,NA,NA,15.236437797546387,NA,0,0,0,150,1.53,NA,1,Interspar
NA,0,NA,Non-GI,1,0,0,1,0,Austria,0,NA,NA,15.236437797546387,21.383333333333333,12,0,0,100,4.39,NA,0,Interspar
NA,0,NA,Non-GI,1,0,0,0,0,Austria,0,NA,NA,15.236437797546387,NA,7,1,0,80,6.24,NA,0,Interspar
Germany,1,Schwarzwälder Schinken,PGI,0,0,1,0,0,Austria,0,9.341368675231934,NA,15.236437797546387,24.18611111111111,3,1,0,200,1.15,NA,1,Interspar
NA,0,NA,Non-GI,1,0,0,0,0,Austria,0,NA,NA,15.236437797546387,NA,7,0,0,80,3.36,NA,0,Interspar
NA,0,NA,Non-GI,1,0,0,1,0,Austria,0,NA,NA,15.236437797546387,21.383333333333333,7,1,0,100,3.69,NA,0,Interspar
NA,0,NA,Non-GI,1,0,0,0,0,Austria,0,NA,NA,15.236437797546387,NA,7,1,0,100,3.99,NA,0,Interspar
NA,0,NA,Non-GI,1,0,0,0,0,Austria,1,NA,NA,15.236437797546387,NA,8,1,0,80,4.88,NA,0,Interspar
NA,0,NA,Non-GI,1,0,0,0,0,Austria,0,NA,NA,15.236437797546387,NA,12,1,0,80,3.74,NA,0,Interspar
Italy,1,Prosciutto di Parma,PDO,0,1,0,0,0,Belgium,0,6.8877787590026855,11.396391868591309,12.004497528076172,24.77777777777778,12,1,0,70,7.21,140,0,Carrefour (BE)
NA,0,NA,Non-GI,1,0,0,0,0,Belgium,0,NA,NA,15.236437797546387,NA,0,0,0,150,1.1,NA,0,Carrefour (BE)
NA,0,NA,Non-GI,1,0,0,1,0,Belgium,0,NA,NA,15.236437797546387,21.383333333333333,7,0,0,160,2.28,NA,0,Carrefour (BE)
NA,0,NA,Non-GI,1,0,0,0,0,Belgium,1,NA,NA,15.236437797546387,NA,0,0,0,100,3,NA,0,Carrefour (BE)
Italy,1,Prosciutto di Parma,PDO,0,1,0,0,0,Belgium,0,6.8877787590026855,11.396391868591309,12.004497528076172,24.77777777777778,12,0,0,160,3.31,140,0,Carrefour (BE)
Belgium,1,Jambon d'Ardenne,PGI,0,0,1,0,0,Belgium,1,8.8975248336792,NA,15.236437797546387,24.77777777777778,4,0,0,100,2.49,NA,1,Carrefour (BE)
NA,0,NA,Non-GI,1,0,0,0,0,Belgium,0,NA,NA,15.236437797546387,NA,4,0,0,160,1.87,NA,0,Carrefour (BE)
NA,0,NA,Non-GI,1,0,0,0,0,Belgium,0,NA,NA,15.236437797546387,NA,4,0,0,100,1.99,NA,0,Carrefour (BE)
NA,0,NA,Non-GI,1,0,0,0,0,Belgium,0,NA,NA,15.236437797546387,NA,10,0,0,120,4.04,NA,0,Carrefour (BE)
Italy,1,Prosciutto di Parma,PDO,0,1,0,0,0,Belgium,0,6.8877787590026855,11.396391868591309,12.004497528076172,24.77777777777778,13,0,0,110,5.41,140,0,Carrefour (BE)
NA,0,NA,Non-GI,1,0,0,1,0,Belgium,0,NA,NA,15.236437797546387,21.383333333333333,7,0,0,100,1.75,NA,0,Carrefour (BE)
Germany,1,Schwarzwälder Schinken,PGI,0,0,1,0,0,Belgium,0,9.341368675231934,NA,15.236437797546387,24.18611111111111,3,0,0,200,0.95,NA,1,Carrefour (BE)
NA,0,NA,Non-GI,1,0,0,0,0,Belgium,0,NA,NA,15.236437797546387,NA,0,0,1,100,6.99,NA,0,Carrefour (BE)
NA,0,NA,Non-GI,1,0,0,0,0,Belgium,0,NA,NA,15.236437797546387,NA,0,1,0,120,4.58,NA,0,Carrefour (BE)
NA,0,NA,Non-GI,1,0,0,0,0,Belgium,0,NA,NA,15.236437797546387,NA,0,1,0,50,6.3,NA,0,Carrefour (BE)
NA,0,NA,Non-GI,1,0,0,0,0,Belgium,1,NA,NA,15.236437797546387,NA,7,0,0,125,3.19,NA,0,Carrefour (BE)
NA,0,NA,Non-GI,1,0,0,0,1,Belgium,0,NA,NA,15.236437797546387,NA,20,0,0,80,8.11,NA,0,Carrefour (BE)
Italy,1,Prosciutto di San Daniele,PDO,0,1,0,0,0,Belgium,0,3.5490424633026123,10.16889762878418,12.025091171264648,24.77777777777778,13,0,0,120,4.58,28,0,Carrefour (BE)
NA,0,NA,Non-GI,1,0,0,0,0,Belgium,1,NA,NA,15.236437797546387,NA,10,1,0,80,5.19,NA,0,Carrefour (BE)
France,1,Jambon d'Auvergne,PGI,0,0,1,0,0,Belgium,0,10.064627647399902,NA,15.236437797546387,5.080555555555556,8,1,0,100,3.99,NA,0,Carrefour (BE)
NA,0,NA,Non-GI,1,0,0,1,0,Belgium,0,NA,NA,15.236437797546387,21.383333333333333,7,1,1,70,8.56,NA,0,Carrefour (BE)
Italy,1,Prosciutto di Parma,PDO,0,1,0,0,0,Belgium,0,6.8877787590026855,11.396391868591309,12.004497528076172,24.77777777777778,24,0,0,80,4.99,140,0,Delhaize
NA,0,NA,Non-GI,1,0,0,1,0,Belgium,0,NA,NA,15.236437797546387,21.383333333333333,7,0,0,100,2.29,NA,0,Delhaize
NA,0,NA,Non-GI,1,0,0,0,0,Belgium,0,NA,NA,15.236437797546387,NA,0,0,0,250,2.06,NA,0,Delhaize
Germany,1,Schwarzwälder Schinken,PGI,0,0,1,0,0,Belgium,0,9.341368675231934,NA,15.236437797546387,24.18611111111111,3,0,0,150,1.26,NA,1,Delhaize
NA,0,NA,Non-GI,1,0,0,0,0,Belgium,0,NA,NA,15.236437797546387,NA,0,0,0,150,1.1,NA,1,Delhaize
NA,0,NA,Non-GI,1,0,0,0,0,Belgium,0,NA,NA,15.236437797546387,NA,4,1,0,150,5.1,NA,0,Delhaize
NA,0,NA,Non-GI,1,0,0,0,0,Belgium,1,NA,NA,15.236437797546387,NA,15,1,0,80,3.99,NA,0,Delhaize
Belgium,1,Jambon d'Ardenne,PGI,0,0,1,0,0,Belgium,1,8.8975248336792,NA,15.236437797546387,24.77777777777778,4,0,0,80,2.49,NA,1,Delhaize
Italy,1,Prosciutto di Parma,PDO,0,1,0,0,0,Belgium,0,6.8877787590026855,11.396391868591309,12.004497528076172,24.77777777777778,12,0,0,160,3.74,140,0,Delhaize
Italy,1,Prosciutto di Parma,PDO,0,1,0,0,0,Belgium,0,6.8877787590026855,11.396391868591309,12.004497528076172,24.77777777777778,12,1,0,120,4.88,140,0,Delhaize
Italy,1,Prosciutto di Parma,PDO,0,1,0,0,0,Belgium,0,6.8877787590026855,11.396391868591309,12.004497528076172,24.77777777777778,12,0,0,90,3.83,140,0,Delhaize
NA,0,NA,Non-GI,1,0,0,0,0,Belgium,1,NA,NA,15.236437797546387,NA,10,1,0,120,4.66,NA,0,Delhaize
France,1,Jambon de Bayonne,PGI,0,0,1,0,0,Belgium,0,9.59626579284668,NA,11.849263191223145,22.483333333333334,9,0,0,120,2.71,NA,0,Delhaize
Italy,1,Prosciutto di Parma,PDO,0,1,0,0,0,Belgium,0,6.8877787590026855,11.396391868591309,12.004497528076172,24.77777777777778,12,1,1,80,6.44,140,0,Delhaize
NA,0,NA,Non-GI,1,0,0,0,0,Belgium,1,NA,NA,15.236437797546387,NA,10,1,0,80,5.19,NA,0,Delhaize
NA,0,NA,Non-GI,1,0,0,0,0,Belgium,0,NA,NA,15.236437797546387,NA,7,0,0,160,3.28,NA,0,Delhaize
Italy,1,Südtiroler Speck,PGI,0,0,1,0,0,Belgium,0,8.909016609191895,9.522181510925293,15.236437797546387,24.77777777777778,5,0,0,90,4.1,28,1,Delhaize
Belgium,1,Jambon d'Ardenne,PGI,0,0,1,0,0,Belgium,1,8.8975248336792,NA,15.236437797546387,24.77777777777778,4,1,0,80,4.06,NA,1,Delhaize
NA,0,NA,Non-GI,1,0,0,0,1,Belgium,0,NA,NA,15.236437797546387,NA,24,0,0,80,8.69,NA,0,Delhaize
Italy,1,Prosciutto di San Daniele,PDO,0,1,0,0,0,Belgium,0,3.5490424633026123,10.16889762878418,12.025091171264648,24.77777777777778,13,1,0,70,6.13,28,0,Delhaize
Austria,1,Tiroler Speck,PGI,0,0,1,0,0,Belgium,0,9.4452543258667,NA,15.236437797546387,23.8,5,1,0,100,3.59,NA,1,Delhaize
NA,0,NA,Non-GI,1,0,0,0,0,Belgium,1,NA,NA,15.236437797546387,NA,0,0,0,150,2.23,NA,0,Delhaize
NA,0,NA,Non-GI,1,0,0,0,0,Belgium,1,NA,NA,15.236437797546387,NA,5,1,1,100,5.29,NA,1,Delhaize
NA,0,NA,Non-GI,1,0,0,0,0,Belgium,1,NA,NA,15.236437797546387,NA,10,1,0,160,4.68,NA,0,Delhaize
NA,0,NA,Non-GI,1,0,0,0,0,Belgium,0,NA,NA,15.236437797546387,NA,7,1,0,120,3.66,NA,0,Delhaize
NA,0,NA,Non-GI,1,0,0,0,0,Belgium,0,NA,NA,15.236437797546387,NA,0,0,0,100,3.09,NA,0,Delhaize
Italy,1,Prosciutto di Carpegna,PDO,0,1,0,0,0,Belgium,0,3.3651866912841797,6.831305980682373,10.928054809570312,24.747222222222224,13,0,0,80,4.99,1,0,Delhaize
NA,0,NA,Non-GI,1,0,0,0,0,Belgium,1,NA,NA,15.236437797546387,NA,24,1,0,50,6.78,NA,0,Delhaize
NA,0,NA,Non-GI,1,0,0,0,0,Belgium,1,NA,NA,15.236437797546387,NA,0,0,0,150,2.23,NA,1,Delhaize
NA,0,NA,Non-GI,1,0,0,0,1,Belgium,0,NA,NA,15.236437797546387,NA,28,0,0,80,9.86,NA,0,Delhaize
NA,0,NA,Non-GI,1,0,0,0,0,Belgium,1,NA,NA,15.236437797546387,NA,15,1,0,80,4.24,NA,1,Delhaize
NA,0,NA,Non-GI,1,0,0,0,0,Belgium,1,NA,NA,15.236437797546387,NA,12,1,0,100,5.95,NA,0,Delhaize
Spain,1,Jabugo,PDO,0,1,0,0,1,Belgium,0,8.03897476196289,NA,10.485222816467285,23.177777777777777,20,1,0,70,25.93,NA,0,Delhaize
NA,0,NA,Non-GI,1,0,0,0,0,Netherlands,0,NA,NA,15.236437797546387,NA,0,0,0,110,2.45,NA,1,Plus
NA,0,NA,Non-GI,1,0,0,1,0,Netherlands,0,NA,NA,15.236437797546387,21.383333333333333,14,0,0,110,3.17,NA,0,Plus
Germany,1,Schwarzwälder Schinken,PGI,0,0,1,0,0,Netherlands,0,9.341368675231934,NA,15.236437797546387,24.18611111111111,3,0,0,110,2.9,NA,1,Plus
NA,0,NA,Non-GI,1,0,0,1,0,Netherlands,0,NA,NA,15.236437797546387,21.383333333333333,16,0,0,60,4.15,NA,0,Plus
Germany,1,Schwarzwälder Schinken,PGI,0,0,1,0,0,Netherlands,0,9.341368675231934,NA,15.236437797546387,24.18611111111111,3,0,0,100,2.49,NA,1,Plus
NA,0,NA,Non-GI,1,0,0,0,0,Netherlands,0,NA,NA,15.236437797546387,NA,10,0,0,110,3,NA,0,Plus
Italy,1,Prosciutto di Parma,PDO,0,1,0,0,0,Netherlands,0,6.8877787590026855,11.396391868591309,12.004497528076172,24.77777777777778,12,1,0,75,4.07,140,0,Plus
NA,0,NA,Non-GI,1,0,0,1,0,Netherlands,0,NA,NA,15.236437797546387,21.383333333333333,7,0,0,100,2.97,NA,0,Plus
NA,0,NA,Non-GI,1,0,0,0,0,Netherlands,0,NA,NA,15.236437797546387,NA,0,0,0,100,2.4,NA,1,Plus
Austria,1,Tiroler Speck,PGI,0,0,1,0,0,Netherlands,0,9.4452543258667,NA,15.236437797546387,23.8,5,0,0,110,2.72,NA,1,Plus
Italy,1,Prosciutto di Parma,PDO,0,1,0,0,0,Netherlands,0,6.8877787590026855,11.396391868591309,12.004497528076172,24.77777777777778,12,1,0,200,3.5,140,0,Plus
NA,0,NA,Non-GI,1,0,0,0,0,Netherlands,0,NA,NA,15.236437797546387,NA,0,0,0,40,2.5,NA,0,Plus
NA,0,NA,Non-GI,1,0,0,1,0,Netherlands,0,NA,NA,15.236437797546387,21.383333333333333,7,1,0,80,1.88,NA,0,Deen
NA,0,NA,Non-GI,1,0,0,0,0,Netherlands,0,NA,NA,15.236437797546387,NA,0,0,0,80,2.19,NA,0,Deen
NA,0,NA,Non-GI,1,0,0,1,0,Netherlands,0,NA,NA,15.236437797546387,21.383333333333333,12,0,0,80,3.3,NA,0,Albert Heijn
NA,0,NA,Non-GI,1,0,0,0,0,Netherlands,0,NA,NA,15.236437797546387,NA,0,0,0,100,2.4,NA,1,Albert Heijn
Germany,1,Schwarzwälder Schinken,PGI,0,0,1,0,0,Netherlands,0,9.341368675231934,NA,15.236437797546387,24.18611111111111,3,0,0,80,2.85,NA,1,Albert Heijn
Italy,1,Prosciutto di Parma,PDO,0,1,0,0,0,Netherlands,0,6.8877787590026855,11.396391868591309,12.004497528076172,24.77777777777778,14,0,0,80,4.61,140,0,Albert Heijn
NA,0,NA,Non-GI,1,0,0,0,0,Netherlands,0,NA,NA,15.236437797546387,NA,0,1,0,150,1.33,NA,1,Albert Heijn
NA,0,NA,Non-GI,1,0,0,0,0,Netherlands,0,NA,NA,15.236437797546387,NA,10,0,0,90,3.1,NA,0,Albert Heijn
NA,0,NA,Non-GI,1,0,0,0,0,Netherlands,1,NA,NA,15.236437797546387,NA,0,0,0,100,1.59,NA,1,Albert Heijn
NA,0,NA,Non-GI,1,0,0,1,0,Netherlands,0,NA,NA,15.236437797546387,21.383333333333333,11,0,0,100,2.49,NA,0,Albert Heijn
NA,0,NA,Non-GI,1,0,0,1,0,Netherlands,0,NA,NA,15.236437797546387,21.383333333333333,16,0,0,80,3.99,NA,0,Albert Heijn
NA,0,NA,Non-GI,1,0,0,0,0,Netherlands,0,NA,NA,15.236437797546387,NA,0,1,0,150,1.33,NA,0,Albert Heijn
NA,0,NA,Non-GI,1,0,0,0,0,Netherlands,0,NA,NA,15.236437797546387,NA,8,0,0,40,2.5,NA,0,Albert Heijn
NA,0,NA,Non-GI,1,0,0,0,0,Netherlands,0,NA,NA,15.236437797546387,NA,0,0,0,60,2.45,NA,1,Albert Heijn
NA,0,NA,Non-GI,1,0,0,0,0,Netherlands,1,NA,NA,15.236437797546387,NA,0,0,0,200,1.2,NA,1,Albert Heijn
NA,0,NA,Non-GI,1,0,0,1,0,Netherlands,0,NA,NA,15.236437797546387,21.383333333333333,14,0,0,110,3.3,NA,0,Coop
NA,0,NA,Non-GI,1,0,0,0,0,Netherlands,0,NA,NA,15.236437797546387,NA,0,0,0,110,2.56,NA,1,Coop
NA,0,NA,Non-GI,1,0,0,0,0,Netherlands,0,NA,NA,15.236437797546387,NA,10,0,0,110,3.1,NA,0,Coop
NA,0,NA,Non-GI,1,0,0,1,0,Netherlands,0,NA,NA,15.236437797546387,21.383333333333333,7,0,0,80,2.5,NA,0,Coop
NA,0,NA,Non-GI,1,0,0,0,0,Netherlands,0,NA,NA,15.236437797546387,NA,0,0,0,80,2.5,NA,0,Coop
NA,0,NA,Non-GI,1,0,0,0,0,Netherlands,1,NA,NA,15.236437797546387,NA,0,0,0,60,2.82,NA,1,Coop
Italy,1,Prosciutto di Parma,PDO,0,1,0,0,0,Netherlands,0,6.8877787590026855,11.396391868591309,12.004497528076172,24.77777777777778,12,1,0,100,3.99,140,0,Jumbo
NA,0,NA,Non-GI,1,0,0,0,0,Netherlands,0,NA,NA,15.236437797546387,NA,0,0,0,130,1.77,NA,1,Jumbo
NA,0,NA,Non-GI,1,0,0,1,0,Netherlands,0,NA,NA,15.236437797546387,21.383333333333333,7,1,0,80,2.49,NA,0,Jumbo
NA,0,NA,Non-GI,1,0,0,0,0,Netherlands,0,NA,NA,15.236437797546387,NA,0,1,0,100,2.79,NA,0,Jumbo
NA,0,NA,Non-GI,1,0,0,0,0,Netherlands,1,NA,NA,15.236437797546387,NA,0,0,0,175,1.19,NA,1,Jumbo
Germany,1,Schwarzwälder Schinken,PGI,0,0,1,0,0,Netherlands,0,9.341368675231934,NA,15.236437797546387,24.18611111111111,3,0,0,110,2.61,NA,1,Jumbo
NA,0,NA,Non-GI,1,0,0,0,0,Netherlands,0,NA,NA,15.236437797546387,NA,0,0,0,100,2.29,NA,1,Jumbo
NA,0,NA,Non-GI,1,0,0,1,0,Netherlands,0,NA,NA,15.236437797546387,21.383333333333333,7,0,0,80,3.15,NA,0,Jumbo
Italy,1,Prosciutto di Parma,PDO,0,1,0,0,0,Netherlands,0,6.8877787590026855,11.396391868591309,12.004497528076172,24.77777777777778,12,1,0,70,3.19,140,0,Jumbo
NA,0,NA,Non-GI,1,0,0,0,0,Netherlands,0,NA,NA,15.236437797546387,NA,0,1,0,150,1.53,NA,1,Jumbo
NA,0,NA,Non-GI,1,0,0,0,0,Netherlands,1,NA,NA,15.236437797546387,NA,0,0,0,115,2.25,NA,0,Jumbo
NA,0,NA,Non-GI,1,0,0,0,0,Netherlands,0,NA,NA,15.236437797546387,NA,0,0,0,110,2.49,NA,0,Jumbo
Italy,1,Prosciutto di Parma,PDO,0,1,0,0,0,Netherlands,0,6.8877787590026855,11.396391868591309,12.004497528076172,24.77777777777778,12,0,0,70,4.64,140,0,Jumbo
NA,0,NA,Non-GI,1,0,0,0,0,Netherlands,0,NA,NA,15.236437797546387,NA,0,0,0,115,2.45,NA,0,Jumbo
NA,0,NA,Non-GI,1,0,0,0,0,France,1,NA,NA,15.236437797546387,NA,7,0,0,100,2.29,NA,0,Auchan (FR)
NA,0,NA,Non-GI,1,0,0,0,0,France,1,NA,NA,15.236437797546387,NA,7,1,0,100,4.05,NA,0,Auchan (FR)
NA,0,NA,Non-GI,1,0,0,0,0,France,0,NA,NA,15.236437797546387,NA,8,0,0,100,1.69,NA,0,Auchan (FR)
NA,0,NA,Non-GI,1,0,0,0,0,France,1,NA,NA,15.236437797546387,NA,7,0,0,150,2.1,NA,0,Auchan (FR)
Germany,1,Schwarzwälder Schinken,PGI,0,0,1,0,0,France,0,9.341368675231934,NA,15.236437797546387,24.18611111111111,3,0,0,100,2.39,NA,1,Auchan (FR)
NA,0,NA,Non-GI,1,0,0,0,0,France,1,NA,NA,15.236437797546387,NA,4,0,1,80,4.99,NA,0,Auchan (FR)
NA,0,NA,Non-GI,1,0,0,0,0,France,0,NA,NA,15.236437797546387,NA,7,0,0,100,1.69,NA,0,Auchan (FR)
NA,0,NA,Non-GI,1,0,0,1,0,France,0,NA,NA,15.236437797546387,21.383333333333333,14,1,0,100,3.99,NA,0,Auchan (FR)
NA,0,NA,Non-GI,1,0,0,0,0,France,0,NA,NA,15.236437797546387,NA,0,1,1,70,8.13,NA,0,Auchan (FR)
France,1,Jambon d'Auvergne,PGI,0,0,1,0,0,France,1,10.064627647399902,NA,15.236437797546387,5.080555555555556,8,0,0,100,3.15,NA,0,Auchan (FR)
NA,0,NA,Non-GI,1,0,0,0,0,France,1,NA,NA,15.236437797546387,NA,7,1,0,220,3.18,NA,0,Auchan (FR)
NA,0,NA,Non-GI,1,0,0,0,0,France,0,NA,NA,15.236437797546387,NA,0,1,0,100,3.15,NA,1,Auchan (FR)
France,1,Jambon de Bayonne,PGI,0,0,1,0,0,France,1,9.59626579284668,NA,11.849263191223145,22.483333333333334,9,0,0,100,3.25,NA,0,Auchan (FR)
NA,0,NA,Non-GI,1,0,0,0,1,France,0,NA,NA,15.236437797546387,NA,24,1,0,60,9.98,NA,0,Auchan (FR)
NA,0,NA,Non-GI,1,0,0,1,0,France,0,NA,NA,15.236437797546387,21.383333333333333,7,1,0,100,4.09,NA,0,Auchan (FR)
NA,0,NA,Non-GI,1,0,0,0,0,France,1,NA,NA,15.236437797546387,NA,7,1,0,55,4.53,NA,0,Auchan (FR)
NA,0,NA,Non-GI,1,0,0,0,0,France,1,NA,NA,15.236437797546387,NA,9,0,0,100,3.39,NA,0,Auchan (FR)
NA,0,NA,Non-GI,1,0,0,1,0,France,0,NA,NA,15.236437797546387,21.383333333333333,12,0,0,100,1.69,NA,0,Auchan (FR)
NA,0,NA,Non-GI,1,0,0,0,0,France,1,NA,NA,15.236437797546387,NA,7,0,0,220,1.72,NA,0,Auchan (FR)
NA,0,NA,Non-GI,1,0,0,0,0,France,1,NA,NA,15.236437797546387,NA,7,1,0,165,3.02,NA,0,Auchan (FR)
NA,0,NA,Non-GI,1,0,0,1,0,France,0,NA,NA,15.236437797546387,21.383333333333333,7,1,0,220,2.81,NA,0,Auchan (FR)
Italy,1,Prosciutto di Parma,PDO,0,1,0,0,0,France,0,6.8877787590026855,11.396391868591309,12.004497528076172,24.77777777777778,12,1,0,70,5.5,140,0,Auchan (FR)
France,1,Jambon de Bayonne,PGI,0,0,1,0,0,France,1,9.59626579284668,NA,11.849263191223145,22.483333333333334,9,0,0,200,2.9,NA,0,Auchan (FR)
NA,0,NA,Non-GI,1,0,0,0,0,France,1,NA,NA,15.236437797546387,NA,7,1,0,100,3.99,NA,0,Auchan (FR)
NA,0,NA,Non-GI,1,0,0,0,0,France,1,NA,NA,15.236437797546387,NA,7,0,0,175,2.29,NA,0,Auchan (FR)
Italy,1,Prosciutto di Parma,PDO,0,1,0,0,0,France,0,6.8877787590026855,11.396391868591309,12.004497528076172,24.77777777777778,12,1,1,70,9.79,140,0,Auchan (FR)
NA,0,NA,Non-GI,1,0,0,0,0,France,1,NA,NA,15.236437797546387,NA,7,1,0,90,3.61,NA,0,Auchan (FR)
NA,0,NA,Non-GI,1,0,0,0,0,France,1,NA,NA,15.236437797546387,NA,7,0,0,100,3.25,NA,0,Auchan (FR)
NA,0,NA,Non-GI,1,0,0,1,0,France,0,NA,NA,15.236437797546387,21.383333333333333,12,1,0,100,4.49,NA,0,Monoprix
NA,0,NA,Non-GI,1,0,0,0,0,France,0,NA,NA,15.236437797546387,NA,7,1,0,80,8.11,NA,0,Monoprix
Italy,1,Prosciutto di Parma,PDO,0,1,0,0,0,France,0,6.8877787590026855,11.396391868591309,12.004497528076172,24.77777777777778,12,1,0,70,8.27,140,0,Monoprix
NA,0,NA,Non-GI,1,0,0,1,0,France,0,NA,NA,15.236437797546387,21.383333333333333,12,1,0,100,5.49,NA,0,Monoprix
NA,0,NA,Non-GI,1,0,0,0,1,France,0,NA,NA,15.236437797546387,NA,20,1,0,100,10.39,NA,0,Monoprix
France,1,Jambon de Bayonne,PGI,0,0,1,0,0,France,1,9.59626579284668,NA,11.849263191223145,22.483333333333334,7,1,0,100,4.49,NA,0,Monoprix
NA,0,NA,Non-GI,1,0,0,0,0,France,0,NA,NA,15.236437797546387,NA,4,1,0,80,6.24,NA,0,Monoprix
NA,0,NA,Non-GI,1,0,0,0,0,France,0,NA,NA,15.236437797546387,NA,0,0,0,80,4.36,NA,1,Monoprix
Italy,1,Prosciutto di Parma,PDO,0,1,0,0,0,France,0,6.8877787590026855,11.396391868591309,12.004497528076172,24.77777777777778,13,0,0,70,5.7,140,0,Monoprix
NA,0,NA,Non-GI,1,0,0,0,0,France,1,NA,NA,15.236437797546387,NA,7,0,0,120,2.41,NA,0,Monoprix
NA,0,NA,Non-GI,1,0,0,1,0,France,0,NA,NA,15.236437797546387,21.383333333333333,9,1,0,120,3.08,NA,0,Monoprix
Italy,1,Prosciutto di Parma,PDO,0,1,0,0,0,France,0,6.8877787590026855,11.396391868591309,12.004497528076172,24.77777777777778,12,1,0,70,5.7,140,0,Monoprix
NA,0,NA,Non-GI,1,0,0,1,0,France,0,NA,NA,15.236437797546387,21.383333333333333,16,0,0,80,3.74,NA,0,Monoprix
NA,0,NA,Non-GI,1,0,0,0,0,France,1,NA,NA,15.236437797546387,NA,7,1,0,100,4.49,NA,0,Monoprix
France,1,Jambon de Bayonne,PGI,0,0,1,0,0,France,1,9.59626579284668,NA,11.849263191223145,22.483333333333334,9,0,0,100,3.19,NA,0,Monoprix
NA,0,NA,Non-GI,1,0,0,0,0,France,0,NA,NA,15.236437797546387,NA,0,0,1,70,5.27,NA,1,Monoprix
Italy,1,Prosciutto di San Daniele,PDO,0,1,0,0,0,France,0,3.5490424633026123,10.16889762878418,12.025091171264648,24.77777777777778,14,0,0,70,6.84,28,0,Monoprix
France,1,Jambon de Bayonne,PGI,0,0,1,0,0,France,1,9.59626579284668,NA,11.849263191223145,22.483333333333334,12,0,0,120,3.33,NA,0,Monoprix
France,1,Jambon de Bayonne,PGI,0,0,1,0,0,France,1,9.59626579284668,NA,11.849263191223145,22.483333333333334,12,0,0,80,3.74,NA,0,Monoprix
NA,0,NA,Non-GI,1,0,0,0,0,France,0,NA,NA,15.236437797546387,NA,7,1,0,120,3.74,NA,0,Monoprix
NA,0,NA,Non-GI,1,0,0,0,1,France,0,NA,NA,15.236437797546387,NA,20,1,0,80,14.74,NA,0,Monoprix
Germany,1,Schwarzwälder Schinken,PGI,0,0,1,0,0,France,0,9.341368675231934,NA,15.236437797546387,24.18611111111111,3,0,0,100,2.45,NA,1,Monoprix
NA,0,NA,Non-GI,1,0,0,1,0,France,0,NA,NA,15.236437797546387,21.383333333333333,7,1,0,80,4.36,NA,0,Monoprix
NA,0,NA,Non-GI,1,0,0,0,0,France,0,NA,NA,15.236437797546387,NA,0,0,0,80,2.86,NA,0,Monoprix
NA,0,NA,Non-GI,1,0,0,0,0,France,1,NA,NA,15.236437797546387,NA,7,0,0,80,2.94,NA,0,Monoprix
NA,0,NA,Non-GI,1,0,0,0,0,France,1,NA,NA,15.236437797546387,NA,7,0,0,100,2.75,NA,0,Monoprix
NA,0,NA,Non-GI,1,0,0,0,1,France,0,NA,NA,15.236437797546387,NA,20,0,0,70,7.99,NA,0,Monoprix
NA,0,NA,Non-GI,1,0,0,0,0,France,1,NA,NA,15.236437797546387,NA,10,0,0,80,3.74,NA,0,Monoprix
Italy,1,Prosciutto di Parma,PDO,0,1,0,0,0,France,0,6.8877787590026855,11.396391868591309,12.004497528076172,24.77777777777778,20,1,0,90,7.66,140,0,Monoprix
NA,0,NA,Non-GI,1,0,0,0,0,France,1,NA,NA,15.236437797546387,NA,7,1,0,165,3.57,NA,0,Monoprix
NA,0,NA,Non-GI,1,0,0,0,0,France,0,NA,NA,15.236437797546387,NA,12,1,0,80,4.99,NA,0,Monoprix
NA,0,NA,Non-GI,1,0,0,1,0,France,0,NA,NA,15.236437797546387,21.383333333333333,7,1,0,100,3.99,NA,0,Monoprix
NA,0,NA,Non-GI,1,0,0,0,0,France,0,NA,NA,15.236437797546387,NA,4,0,0,80,3.74,NA,0,Monoprix
NA,0,NA,Non-GI,1,0,0,0,0,France,1,NA,NA,15.236437797546387,NA,12,0,0,100,3.39,NA,0,Monoprix
NA,0,NA,Non-GI,1,0,0,1,0,France,0,NA,NA,15.236437797546387,21.383333333333333,18,1,0,80,6.86,NA,0,Monoprix
NA,0,NA,Non-GI,1,0,0,1,0,France,0,NA,NA,15.236437797546387,21.383333333333333,7,1,1,70,8.27,NA,0,Monoprix
Italy,1,Prosciutto di San Daniele,PDO,0,1,0,0,0,France,0,3.5490424633026123,10.16889762878418,12.025091171264648,24.77777777777778,13,1,0,90,8.21,28,0,Monoprix
NA,0,NA,Non-GI,1,0,0,0,1,France,0,NA,NA,15.236437797546387,NA,36,0,0,60,14.98,NA,0,Monoprix
NA,0,NA,Non-GI,1,0,0,0,0,France,0,NA,NA,15.236437797546387,NA,10,1,0,100,5.99,NA,0,Monoprix
NA,0,NA,Non-GI,1,0,0,0,0,France,0,NA,NA,15.236437797546387,NA,0,1,0,120,6.08,NA,1,Monoprix
NA,0,NA,Non-GI,1,0,0,1,0,France,0,NA,NA,15.236437797546387,21.383333333333333,11,1,0,110,3.81,NA,0,Monoprix
NA,0,NA,Non-GI,1,0,0,0,1,France,0,NA,NA,15.236437797546387,NA,24,1,0,80,9.74,NA,0,Monoprix
NA,0,NA,Non-GI,1,0,0,1,0,France,0,NA,NA,15.236437797546387,21.383333333333333,7,1,0,100,4.69,NA,0,Monoprix
NA,0,NA,Non-GI,1,0,0,0,0,France,1,NA,NA,15.236437797546387,NA,0,1,0,200,1,NA,0,Monoprix
NA,0,NA,Non-GI,1,0,0,0,0,France,0,NA,NA,15.236437797546387,NA,4,1,1,70,7.99,NA,0,Monoprix
NA,0,NA,Non-GI,1,0,0,0,0,France,0,NA,NA,15.236437797546387,NA,12,1,0,100,4.29,NA,0,Monoprix
France,1,Jambon Noir de Bigorre,PDO,0,1,0,0,1,France,1,8.708837509155273,NA,8.708837509155273,3.5444444444444443,20,1,0,80,16.24,NA,0,Monoprix
NA,0,NA,Non-GI,1,0,0,0,0,France,0,NA,NA,15.236437797546387,NA,5,1,0,120,4.16,NA,1,Monoprix
France,1,Jambon de Bayonne,PGI,0,0,1,0,0,France,1,9.59626579284668,NA,11.849263191223145,22.483333333333334,12,1,0,100,3.99,NA,0,Monoprix
NA,0,NA,Non-GI,1,0,0,0,1,France,0,NA,NA,15.236437797546387,NA,36,1,0,80,17.36,NA,0,Monoprix
NA,0,NA,Non-GI,1,0,0,1,0,France,0,NA,NA,15.236437797546387,21.383333333333333,24,1,0,80,4.49,NA,0,Monoprix
NA,0,NA,Non-GI,1,0,0,0,0,France,1,NA,NA,15.236437797546387,NA,12,1,0,100,4.99,NA,0,Monoprix
NA,0,NA,Non-GI,1,0,0,0,0,France,0,NA,NA,15.236437797546387,NA,24,1,0,100,6.99,NA,0,Monoprix
NA,0,NA,Non-GI,1,0,0,0,0,France,1,NA,NA,15.236437797546387,NA,7,1,0,67,4.46,NA,0,Monoprix
NA,0,NA,Non-GI,1,0,0,0,0,France,1,NA,NA,15.236437797546387,NA,7,1,0,100,3.59,NA,0,Monoprix
NA,0,NA,Non-GI,1,0,0,0,0,France,1,NA,NA,15.236437797546387,NA,7,1,0,120,5.49,NA,0,Monoprix
NA,0,NA,Non-GI,1,0,0,0,0,France,1,NA,NA,15.236437797546387,NA,4,0,0,100,2.6,NA,0,Super U
France,1,Jambon de Bayonne,PGI,0,0,1,0,0,France,1,9.59626579284668,NA,11.849263191223145,22.483333333333334,9,1,0,120,2.85,NA,0,Super U
NA,0,NA,Non-GI,1,0,0,0,0,France,1,NA,NA,15.236437797546387,NA,7,0,0,90,2.49,NA,0,Super U
NA,0,NA,Non-GI,1,0,0,0,0,France,1,NA,NA,15.236437797546387,NA,4,1,1,90,8,NA,0,Super U
NA,0,NA,Non-GI,1,0,0,0,0,France,0,NA,NA,15.236437797546387,NA,0,1,0,85,5.18,NA,0,Super U
Italy,1,Prosciutto di Parma,PDO,0,1,0,0,0,France,0,6.8877787590026855,11.396391868591309,12.004497528076172,24.77777777777778,12,1,0,70,8.14,140,0,Super U
NA,0,NA,Non-GI,1,0,0,0,0,France,1,NA,NA,15.236437797546387,NA,7,0,0,150,2.79,NA,0,Super U
Italy,1,Prosciutto di Parma,PDO,0,1,0,0,0,France,0,6.8877787590026855,11.396391868591309,12.004497528076172,24.77777777777778,14,0,0,80,4.1,140,0,Super U
NA,0,NA,Non-GI,1,0,0,1,0,France,0,NA,NA,15.236437797546387,21.383333333333333,7,0,0,100,1.97,NA,0,Super U
NA,0,NA,Non-GI,1,0,0,0,0,France,1,NA,NA,15.236437797546387,NA,7,0,0,100,3.06,NA,0,Super U
NA,0,NA,Non-GI,1,0,0,0,1,France,0,NA,NA,15.236437797546387,NA,24,0,0,80,8.09,NA,0,Super U
France,1,Jambon de Bayonne,PGI,0,0,1,0,0,France,1,9.59626579284668,NA,11.849263191223145,22.483333333333334,7,0,0,100,3.44,NA,0,Super U
NA,0,NA,Non-GI,1,0,0,0,0,France,1,NA,NA,15.236437797546387,NA,0,0,0,100,2.15,NA,0,Super U
France,1,Jambon de Bayonne,PGI,0,0,1,0,0,France,1,9.59626579284668,NA,11.849263191223145,22.483333333333334,9,1,0,100,4.07,NA,0,Super U
NA,0,NA,Non-GI,1,0,0,0,0,France,0,NA,NA,15.236437797546387,NA,7,1,0,90,4.4,NA,0,Super U
Italy,1,Prosciutto di Parma,PDO,0,1,0,0,0,France,0,6.8877787590026855,11.396391868591309,12.004497528076172,24.77777777777778,12,1,0,70,7.93,140,0,Super U
NA,0,NA,Non-GI,1,0,0,1,0,France,0,NA,NA,15.236437797546387,21.383333333333333,12,1,0,100,4.29,NA,0,Super U
NA,0,NA,Non-GI,1,0,0,0,0,France,1,NA,NA,15.236437797546387,NA,7,1,0,55,5.11,NA,0,Super U
NA,0,NA,Non-GI,1,0,0,0,0,France,1,NA,NA,15.236437797546387,NA,7,1,0,100,3.71,NA,0,Super U
NA,0,NA,Non-GI,1,0,0,0,0,France,1,NA,NA,15.236437797546387,NA,7,1,0,165,2.88,NA,0,Super U
NA,0,NA,Non-GI,1,0,0,1,0,France,0,NA,NA,15.236437797546387,21.383333333333333,9,1,0,120,3.34,NA,0,Super U
NA,0,NA,Non-GI,1,0,0,0,0,France,0,NA,NA,15.236437797546387,NA,0,1,0,100,4.37,NA,0,Super U
NA,0,NA,Non-GI,1,0,0,0,0,France,1,NA,NA,15.236437797546387,NA,7,1,0,90,3.54,NA,0,Super U
NA,0,NA,Non-GI,1,0,0,0,0,France,1,NA,NA,15.236437797546387,NA,4,1,0,100,4.66,NA,0,Super U
Italy,1,Prosciutto di San Daniele,PDO,0,1,0,0,0,France,0,3.5490424633026123,10.16889762878418,12.025091171264648,24.77777777777778,13,1,0,70,4.89,28,0,Super U
NA,0,NA,Non-GI,1,0,0,0,0,France,1,NA,NA,15.236437797546387,NA,4,1,0,150,1.33,NA,0,Super U
NA,0,NA,Non-GI,1,0,0,0,0,France,1,NA,NA,15.236437797546387,NA,7,0,1,90,4.83,NA,0,Super U
NA,0,NA,Non-GI,1,0,0,0,0,France,0,NA,NA,15.236437797546387,NA,0,1,0,120,4.96,NA,1,Casino
NA,0,NA,Non-GI,1,0,0,0,0,France,0,NA,NA,15.236437797546387,NA,9,0,0,100,2.25,NA,0,Casino
Germany,1,Schwarzwälder Schinken,PGI,0,0,1,0,0,France,0,9.341368675231934,NA,15.236437797546387,24.18611111111111,3,0,0,100,2.45,NA,1,Casino
NA,0,NA,Non-GI,1,0,0,0,0,France,1,NA,NA,15.236437797546387,NA,0,0,0,200,1.32,NA,1,Casino
NA,0,NA,Non-GI,1,0,0,0,0,France,1,NA,NA,15.236437797546387,NA,7,0,0,120,2.41,NA,0,Casino
NA,0,NA,Non-GI,1,0,0,0,0,France,1,NA,NA,15.236437797546387,NA,7,1,0,67,4.46,NA,0,Casino
France,1,Jambon de Bayonne,PGI,0,0,1,0,0,France,1,9.59626579284668,NA,11.849263191223145,22.483333333333334,9,0,0,100,3.19,NA,0,Casino
NA,0,NA,Non-GI,1,0,0,1,0,France,0,NA,NA,15.236437797546387,21.383333333333333,7,1,0,80,4.24,NA,0,Casino
NA,0,NA,Non-GI,1,0,0,1,0,France,0,NA,NA,15.236437797546387,21.383333333333333,12,1,0,100,3.45,NA,0,Casino
NA,0,NA,Non-GI,1,0,0,0,0,France,1,NA,NA,15.236437797546387,NA,7,1,0,100,3.59,NA,0,Casino
NA,0,NA,Non-GI,1,0,0,0,0,France,1,NA,NA,15.236437797546387,NA,9,0,0,100,3.59,NA,0,Casino
Italy,1,Prosciutto di Parma,PDO,0,1,0,0,0,France,0,6.8877787590026855,11.396391868591309,12.004497528076172,24.77777777777778,14,0,0,70,5.24,140,0,Casino
NA,0,NA,Non-GI,1,0,0,0,0,France,1,NA,NA,15.236437797546387,NA,7,1,0,100,3.88,NA,0,Casino
NA,0,NA,Non-GI,1,0,0,0,0,France,1,NA,NA,15.236437797546387,NA,4,0,1,80,4.98,NA,0,Casino
NA,0,NA,Non-GI,1,0,0,0,0,France,0,NA,NA,15.236437797546387,NA,12,1,0,80,4.99,NA,0,Casino
NA,0,NA,Non-GI,1,0,0,1,0,France,0,NA,NA,15.236437797546387,21.383333333333333,7,1,0,100,3.99,NA,0,Casino
France,1,Jambon de Bayonne,PGI,0,0,1,0,0,France,1,9.59626579284668,NA,11.849263191223145,22.483333333333334,7,1,0,100,4.02,NA,0,Casino
Italy,1,Prosciutto di San Daniele,PDO,0,1,0,0,0,France,0,3.5490424633026123,10.16889762878418,12.025091171264648,24.77777777777778,14,0,0,70,5.9,28,0,Casino
NA,0,NA,Non-GI,1,0,0,1,0,France,0,NA,NA,15.236437797546387,21.383333333333333,11,1,0,110,3.81,NA,0,Casino
France,1,Jambon de Bayonne,PGI,0,0,1,0,0,France,1,9.59626579284668,NA,11.849263191223145,22.483333333333334,7,1,0,100,4.19,NA,0,Casino
NA,0,NA,Non-GI,1,0,0,0,0,France,0,NA,NA,15.236437797546387,NA,12,1,0,100,4.29,NA,0,Casino
NA,0,NA,Non-GI,1,0,0,1,0,France,0,NA,NA,15.236437797546387,21.383333333333333,12,1,0,100,4.49,NA,0,Casino
NA,0,NA,Non-GI,1,0,0,0,0,France,1,NA,NA,15.236437797546387,NA,0,0,0,250,1.81,NA,0,Casino
NA,0,NA,Non-GI,1,0,0,0,0,France,1,NA,NA,15.236437797546387,NA,7,0,0,200,2.31,NA,0,Casino
NA,0,NA,Non-GI,1,0,0,1,0,France,0,NA,NA,15.236437797546387,21.383333333333333,7,1,0,100,4.69,NA,0,Casino
NA,0,NA,Non-GI,1,0,0,0,0,France,0,NA,NA,15.236437797546387,NA,5,1,0,120,4.16,NA,1,Casino
NA,0,NA,Non-GI,1,0,0,0,0,France,0,NA,NA,15.236437797546387,NA,0,1,0,80,6.24,NA,0,Casino
Italy,1,Prosciutto di Parma,PDO,0,1,0,0,0,France,0,6.8877787590026855,11.396391868591309,12.004497528076172,24.77777777777778,12,1,0,70,7.17,140,0,Casino
NA,0,NA,Non-GI,1,0,0,0,0,France,1,NA,NA,15.236437797546387,NA,7,1,0,165,3.22,NA,0,Casino
NA,0,NA,Non-GI,1,0,0,1,0,France,0,NA,NA,15.236437797546387,21.383333333333333,18,1,0,80,6.86,NA,0,Casino
NA,0,NA,Non-GI,1,0,0,0,0,France,1,NA,NA,15.236437797546387,NA,7,1,0,220,2.56,NA,0,Casino
NA,0,NA,Non-GI,1,0,0,0,0,France,0,NA,NA,15.236437797546387,NA,10,1,0,100,5.99,NA,0,Casino
Italy,1,Prosciutto di Parma,PDO,0,1,0,0,0,France,0,6.8877787590026855,11.396391868591309,12.004497528076172,24.77777777777778,12,1,0,100,6.25,140,0,Casino
NA,0,NA,Non-GI,1,0,0,1,0,France,0,NA,NA,15.236437797546387,21.383333333333333,7,1,0,220,2.89,NA,0,Casino
NA,0,NA,Non-GI,1,0,0,0,0,France,0,NA,NA,15.236437797546387,NA,7,1,0,80,8.11,NA,0,Casino
Italy,1,Prosciutto di Parma,PDO,0,1,0,0,0,France,0,6.8877787590026855,11.396391868591309,12.004497528076172,24.77777777777778,12,1,1,70,9.29,140,0,Casino
NA,0,NA,Non-GI,1,0,0,0,0,France,1,NA,NA,15.236437797546387,NA,7,1,0,120,5.49,NA,0,Casino
NA,0,NA,Non-GI,1,0,0,0,0,France,1,NA,NA,15.236437797546387,NA,7,1,0,220,3.3,NA,0,Casino
NA,0,NA,Non-GI,1,0,0,0,0,France,0,NA,NA,15.236437797546387,NA,0,1,0,120,6.08,NA,0,Casino
Italy,1,Prosciutto di San Daniele,PDO,0,1,0,0,0,France,0,3.5490424633026123,10.16889762878418,12.025091171264648,24.77777777777778,13,1,0,90,8.21,28,0,Casino
NA,0,NA,Non-GI,1,0,0,0,1,France,0,NA,NA,15.236437797546387,NA,20,1,0,100,7.95,NA,0,Casino
NA,0,NA,Non-GI,1,0,0,0,1,France,0,NA,NA,15.236437797546387,NA,36,1,0,80,14.74,NA,0,Casino
NA,0,NA,Non-GI,1,0,0,1,0,France,0,NA,NA,15.236437797546387,21.383333333333333,7,1,0,220,2.94,NA,0,Carrefour (FR)
NA,0,NA,Non-GI,1,0,0,0,0,France,1,NA,NA,15.236437797546387,NA,7,1,0,165,3.45,NA,0,Carrefour (FR)
NA,0,NA,Non-GI,1,0,0,0,0,France,1,NA,NA,15.236437797546387,NA,7,1,0,220,3.41,NA,0,Carrefour (FR)
NA,0,NA,Non-GI,1,0,0,0,0,France,1,NA,NA,15.236437797546387,NA,7,1,0,220,3.05,NA,0,Carrefour (FR)
NA,0,NA,Non-GI,1,0,0,0,0,France,1,NA,NA,15.236437797546387,NA,7,1,0,100,3.65,NA,0,Carrefour (FR)
NA,0,NA,Non-GI,1,0,0,1,0,France,1,NA,NA,15.236437797546387,21.383333333333333,10,0,0,80,3.04,NA,0,Carrefour (FR)
NA,0,NA,Non-GI,1,0,0,0,1,France,0,NA,NA,15.236437797546387,NA,36,0,0,60,14.32,NA,0,Carrefour (FR)
Italy,1,Prosciutto di Parma,PDO,0,1,0,0,0,France,0,6.8877787590026855,11.396391868591309,12.004497528076172,24.77777777777778,24,0,0,70,7.8,140,0,Carrefour (FR)
Italy,1,Prosciutto di Parma,PDO,0,1,0,0,0,France,0,6.8877787590026855,11.396391868591309,12.004497528076172,24.77777777777778,12,0,0,70,4.01,140,0,Carrefour (FR)
France,1,Jambon de Bayonne,PGI,0,0,1,0,0,France,1,9.59626579284668,NA,11.849263191223145,22.483333333333334,12,0,0,100,4.73,NA,0,Carrefour (FR)
NA,0,NA,Non-GI,1,0,0,0,0,France,0,NA,NA,15.236437797546387,NA,4,0,0,100,2.36,NA,0,Carrefour (FR)
NA,0,NA,Non-GI,1,0,0,1,0,France,0,NA,NA,15.236437797546387,21.383333333333333,11,0,0,100,1.93,NA,0,Carrefour (FR)
Germany,1,Schwarzwälder Schinken,PGI,0,0,1,0,0,France,0,9.341368675231934,NA,15.236437797546387,24.18611111111111,3,0,0,100,2.7,NA,1,Carrefour (FR)
France,1,Jambon de Bayonne,PGI,0,0,1,0,0,France,1,9.59626579284668,NA,11.849263191223145,22.483333333333334,9,0,0,100,2.49,NA,0,Carrefour (FR)
NA,0,NA,Non-GI,1,0,0,1,0,France,0,NA,NA,15.236437797546387,21.383333333333333,9,1,0,120,3.11,NA,0,Carrefour (FR)
NA,0,NA,Non-GI,1,0,0,0,0,France,0,NA,NA,15.236437797546387,NA,4,1,1,70,7.5,NA,0,Carrefour (FR)
NA,0,NA,Non-GI,1,0,0,0,0,France,1,NA,NA,15.236437797546387,NA,7,0,0,220,2.2,NA,0,Carrefour (FR)
NA,0,NA,Non-GI,1,0,0,0,0,France,1,NA,NA,15.236437797546387,NA,7,0,1,80,7.2,NA,0,Carrefour (FR)
Italy,1,Prosciutto di Parma,PDO,0,1,0,0,0,Italy,1,6.8877787590026855,11.396391868591309,12.004497528076172,24.77777777777778,16,0,0,90,4.43,140,0,Esselunga
NA,0,NA,Non-GI,1,0,0,0,0,Italy,1,NA,NA,15.236437797546387,NA,0,0,0,60,2.97,NA,0,Esselunga
Italy,1,Prosciutto Toscano,PDO,0,1,0,0,0,Italy,1,10.042686462402344,8.181482315063477,11.555998802185059,24.77777777777778,14,0,0,80,4.99,20,0,Esselunga
NA,0,NA,Non-GI,1,0,0,0,0,Italy,1,NA,NA,15.236437797546387,NA,0,1,0,60,3.28,NA,0,Esselunga
NA,0,NA,Non-GI,1,0,0,0,0,Italy,1,NA,NA,15.236437797546387,NA,24,1,0,120,5.98,NA,0,Esselunga
NA,0,NA,Non-GI,1,0,0,0,0,Italy,1,NA,NA,15.236437797546387,NA,7,1,0,80,6.04,NA,0,Esselunga
NA,0,NA,Non-GI,1,0,0,0,0,Italy,1,NA,NA,15.236437797546387,NA,7,1,0,120,3.74,NA,0,Esselunga
NA,0,NA,Non-GI,1,0,0,0,0,Italy,1,NA,NA,15.236437797546387,NA,12,1,0,90,4.43,NA,0,Esselunga
NA,0,NA,Non-GI,1,0,0,0,0,Italy,1,NA,NA,15.236437797546387,NA,7,1,0,100,3.59,NA,0,Esselunga
NA,0,NA,Non-GI,1,0,0,0,0,Italy,1,NA,NA,15.236437797546387,NA,20,1,0,80,4.74,NA,0,Esselunga
NA,0,NA,Non-GI,1,0,0,0,0,Italy,1,NA,NA,15.236437797546387,NA,7,1,0,100,4.39,NA,0,Esselunga
Italy,1,Prosciutto di Norcia,PGI,0,0,1,0,0,Italy,1,6.462611198425293,8.17444133758545,15.236437797546387,23.8,12,1,0,85,4.93,10,0,Esselunga
NA,0,NA,Non-GI,1,0,0,0,0,Italy,1,NA,NA,15.236437797546387,NA,24,1,0,100,6.39,NA,0,Esselunga
NA,0,NA,Non-GI,1,0,0,0,0,Italy,1,NA,NA,15.236437797546387,NA,7,1,0,100,4.19,NA,0,Esselunga
Italy,1,Prosciutto di San Daniele,PDO,0,1,0,0,0,Italy,1,3.5490424633026123,10.16889762878418,12.025091171264648,24.77777777777778,13,1,0,80,4.99,28,0,Esselunga
NA,0,NA,Non-GI,1,0,0,0,1,Italy,1,NA,NA,15.236437797546387,NA,18,1,0,70,14.27,NA,0,Esselunga
NA,0,NA,Non-GI,1,0,0,0,0,Italy,1,NA,NA,15.236437797546387,NA,0,1,0,90,4.99,NA,0,Esselunga
Italy,1,Prosciutto Toscano,PDO,0,1,0,0,0,Italy,1,10.042686462402344,8.181482315063477,11.555998802185059,24.77777777777778,12,1,0,100,5.09,20,0,Esselunga
Italy,1,Südtiroler Speck,PGI,0,0,1,0,0,Italy,1,8.909016609191895,9.522181510925293,15.236437797546387,24.77777777777778,5,0,0,100,3.09,28,1,Esselunga
Italy,1,Südtiroler Speck,PGI,0,0,1,0,0,Italy,1,8.909016609191895,9.522181510925293,15.236437797546387,24.77777777777778,5,1,0,90,3.78,28,1,Esselunga
Italy,1,Südtiroler Speck,PGI,0,0,1,0,0,Italy,1,8.909016609191895,9.522181510925293,15.236437797546387,24.77777777777778,5,1,0,60,2.62,28,1,Esselunga
NA,0,NA,Non-GI,1,0,0,0,0,Italy,1,NA,NA,15.236437797546387,NA,8,1,0,80,4.99,NA,1,Esselunga
Austria,1,Tiroler Speck,PGI,0,0,1,0,0,Italy,0,9.4452543258667,NA,15.236437797546387,23.8,5,1,0,100,3.89,NA,1,Esselunga
Italy,1,Prosciutto di Modena,PDO,0,1,0,0,0,Italy,1,7.498907566070557,6.705638885498047,12.004497528076172,24.77777777777778,20,0,0,120,4.33,10,0,Easy Coop
Italy,1,Prosciutto di Parma,PDO,0,1,0,0,0,Italy,1,6.8877787590026855,11.396391868591309,12.004497528076172,24.77777777777778,24,0,0,100,5.98,140,0,Easy Coop
NA,0,NA,Non-GI,1,0,0,0,0,Italy,1,NA,NA,15.236437797546387,NA,7,0,0,90,8.26,NA,0,Easy Coop
NA,0,NA,Non-GI,1,0,0,0,0,Italy,1,NA,NA,15.236437797546387,NA,7,0,0,100,2.79,NA,0,Easy Coop
NA,0,NA,Non-GI,1,0,0,0,0,Italy,1,NA,NA,15.236437797546387,NA,0,1,0,120,1.58,NA,0,Easy Coop
Italy,1,Prosciutto Amatriciano,PGI,0,0,1,0,0,Italy,1,7.230217456817627,6.0055646896362305,12.618423461914062,9.677777777777777,12,1,0,100,5.9,1,0,Easy Coop
NA,0,NA,Non-GI,1,0,0,0,1,Italy,1,NA,NA,15.236437797546387,NA,36,1,0,70,15,NA,0,Easy Coop
Italy,1,Cinta Senese,PDO,0,1,0,0,1,Italy,1,10.042686462402344,NA,10.042686462402344,9.044444444444444,13,1,0,80,13.88,NA,0,Easy Coop
NA,0,NA,Non-GI,1,0,0,0,0,Italy,1,NA,NA,15.236437797546387,NA,10,1,0,100,6.3,NA,0,Easy Coop
Italy,1,Prosciutto di Norcia,PGI,0,0,1,0,0,Italy,1,6.462611198425293,8.17444133758545,15.236437797546387,23.8,12,1,0,100,5.69,10,0,Easy Coop
NA,0,NA,Non-GI,1,0,0,0,0,Italy,1,NA,NA,15.236437797546387,NA,12,1,0,90,4.77,NA,0,Easy Coop
NA,0,NA,Non-GI,1,0,0,0,0,Italy,1,NA,NA,15.236437797546387,NA,0,1,0,30,2.87,NA,0,Easy Coop
NA,0,NA,Non-GI,1,0,0,0,0,Italy,1,NA,NA,15.236437797546387,NA,0,1,0,60,3.05,NA,0,Easy Coop
NA,0,NA,Non-GI,1,0,0,0,0,Italy,1,NA,NA,15.236437797546387,NA,0,1,0,85,2.12,NA,0,Easy Coop
NA,0,NA,Non-GI,1,0,0,0,0,Italy,1,NA,NA,15.236437797546387,NA,7,1,0,100,3.49,NA,0,Easy Coop
Italy,1,Prosciutto di San Daniele,PDO,0,1,0,0,0,Italy,1,3.5490424633026123,10.16889762878418,12.025091171264648,24.77777777777778,16,1,0,110,3.82,28,0,Easy Coop
NA,0,NA,Non-GI,1,0,0,0,0,Italy,1,NA,NA,15.236437797546387,NA,7,0,0,100,3.89,NA,1,Easy Coop
Italy,1,Südtiroler Speck,PGI,0,0,1,0,0,Italy,1,8.909016609191895,9.522181510925293,15.236437797546387,24.77777777777778,5,0,0,100,2.59,28,1,Easy Coop
NA,0,NA,Non-GI,1,0,0,0,0,Italy,1,NA,NA,15.236437797546387,NA,0,1,0,80,5.25,NA,1,Easy Coop
Italy,1,Südtiroler Speck,PGI,0,0,1,0,0,Italy,1,8.909016609191895,9.522181510925293,15.236437797546387,24.77777777777778,5,1,0,60,3.27,28,1,Easy Coop
Italy,1,Südtiroler Speck,PGI,0,0,1,0,0,Italy,1,8.909016609191895,9.522181510925293,15.236437797546387,24.77777777777778,5,1,0,80,4.11,28,1,Easy Coop
Italy,1,Südtiroler Speck,PGI,0,0,1,0,0,Italy,1,8.909016609191895,9.522181510925293,15.236437797546387,24.77777777777778,5,1,0,120,2.45,28,1,Easy Coop
NA,0,NA,Non-GI,1,0,0,0,0,Italy,1,NA,NA,15.236437797546387,NA,12,1,0,90,4.43,NA,0,Carrefour (IT)
NA,0,NA,Non-GI,1,0,0,0,0,Italy,1,NA,NA,15.236437797546387,NA,0,0,0,100,2.89,NA,0,Carrefour (IT)
NA,0,NA,Non-GI,1,0,0,0,0,Italy,1,NA,NA,15.236437797546387,NA,7,1,0,100,4.39,NA,0,Carrefour (IT)
Italy,1,Prosciutto di Parma,PDO,0,1,0,0,0,Italy,1,6.8877787590026855,11.396391868591309,12.004497528076172,24.77777777777778,16,0,0,90,4.43,140,0,Carrefour (IT)
NA,0,NA,Non-GI,1,0,0,0,0,Italy,1,NA,NA,15.236437797546387,NA,0,1,0,80,4.99,NA,0,Carrefour (IT)
NA,0,NA,Non-GI,1,0,0,0,0,Italy,1,NA,NA,15.236437797546387,NA,0,1,0,60,3.48,NA,0,Carrefour (IT)
Italy,1,Prosciutto di Parma,PDO,0,1,0,0,0,Italy,1,6.8877787590026855,11.396391868591309,12.004497528076172,24.77777777777778,12,0,0,100,5.49,140,0,Carrefour (IT)
Italy,1,Prosciutto di San Daniele,PDO,0,1,0,0,0,Italy,1,3.5490424633026123,10.16889762878418,12.025091171264648,24.77777777777778,13,0,0,100,6.99,28,0,Carrefour (IT)
Italy,1,Prosciutto Toscano,PDO,0,1,0,0,0,Italy,1,10.042686462402344,8.181482315063477,11.555998802185059,24.77777777777778,12,0,0,90,5.54,20,0,Carrefour (IT)
Italy,1,Prosciutto di Parma,PDO,0,1,0,0,0,Italy,1,6.8877787590026855,11.396391868591309,12.004497528076172,24.77777777777778,12,1,0,70,5.84,140,0,Carrefour (IT)
NA,0,NA,Non-GI,1,0,0,0,0,Italy,1,NA,NA,15.236437797546387,NA,0,1,0,85,2.26,NA,0,Carrefour (IT)
NA,0,NA,Non-GI,1,0,0,0,0,Italy,1,NA,NA,15.236437797546387,NA,7,1,0,90,3.94,NA,0,Carrefour (IT)
NA,0,NA,Non-GI,1,0,0,0,0,Italy,1,NA,NA,15.236437797546387,NA,7,1,0,100,3.89,NA,0,Carrefour (IT)
Italy,1,Prosciutto di Carpegna,PDO,0,1,0,0,0,Italy,1,3.3651866912841797,6.831305980682373,10.928054809570312,24.747222222222224,13,0,0,100,5.99,1,0,Carrefour (IT)
NA,0,NA,Non-GI,1,0,0,0,0,Italy,1,NA,NA,15.236437797546387,NA,24,0,0,110,5.91,NA,0,Carrefour (IT)
NA,0,NA,Non-GI,1,0,0,0,0,Italy,1,NA,NA,15.236437797546387,NA,7,0,1,80,7.49,NA,0,Carrefour (IT)
Italy,1,Prosciutto Toscano,PDO,0,1,0,0,0,Italy,1,10.042686462402344,8.181482315063477,11.555998802185059,24.77777777777778,12,1,0,100,5,20,0,Carrefour (IT)
Italy,1,Südtiroler Speck,PGI,0,0,1,0,0,Italy,1,8.909016609191895,9.522181510925293,15.236437797546387,24.77777777777778,5,1,0,60,3.65,28,1,Carrefour (IT)
Italy,1,Südtiroler Speck,PGI,0,0,1,0,0,Italy,1,8.909016609191895,9.522181510925293,15.236437797546387,24.77777777777778,5,0,0,100,2.99,28,1,Carrefour (IT)
Italy,1,Südtiroler Speck,PGI,0,0,1,0,0,Italy,1,8.909016609191895,9.522181510925293,15.236437797546387,24.77777777777778,5,0,0,100,2.99,28,1,Carrefour (IT)
France,1,Jambon de Bayonne,PGI,0,0,1,0,0,France,1,9.59626579284668,NA,11.849263191223145,22.483333333333334,9,0,0,120,2.48,NA,0,E.Leclerc
France,1,Jambon d'Auvergne,PGI,0,0,1,0,0,France,1,10.064627647399902,NA,15.236437797546387,5.080555555555556,9,0,0,100,2.98,NA,0,E.Leclerc
NA,0,NA,Non-GI,1,0,0,0,0,France,1,NA,NA,15.236437797546387,NA,9,0,0,90,2.97,NA,0,E.Leclerc
NA,0,NA,Non-GI,1,0,0,0,0,France,1,NA,NA,15.236437797546387,NA,8,0,0,100,2.95,NA,0,E.Leclerc
NA,0,NA,Non-GI,1,0,0,0,0,France,1,NA,NA,15.236437797546387,NA,9,0,0,100,2.93,NA,0,E.Leclerc
France,1,Jambon de Vendée,PGI,0,0,1,0,0,France,1,9.0776214599609375,NA,15.236437797546387,6.480555555555555,1,0,0,180,1.69,NA,0,E.Leclerc
France,1,Jambon de Vendée,PGI,0,0,1,0,0,France,1,9.0776214599609375,NA,15.236437797546387,6.480555555555555,1,0,0,120,2.83,NA,0,E.Leclerc
NA,0,NA,Non-GI,1,0,0,0,0,France,1,NA,NA,15.236437797546387,NA,7,1,0,165,2.68,NA,0,E.Leclerc
NA,0,NA,Non-GI,1,0,0,0,0,France,1,NA,NA,15.236437797546387,NA,4,0,0,110,2.21,NA,0,E.Leclerc
NA,0,NA,Non-GI,1,0,0,0,0,France,1,NA,NA,15.236437797546387,NA,9,0,0,150,2.66,NA,0,E.Leclerc
France,1,Jambon de Bayonne,PGI,0,0,1,0,0,France,1,9.59626579284668,NA,11.849263191223145,22.483333333333334,9,0,0,100,2.89,NA,0,E.Leclerc
Italy,1,Prosciutto di Parma,PDO,0,1,0,0,0,France,0,6.8877787590026855,11.396391868591309,12.004497528076172,24.77777777777778,14,0,0,80,3.15,140,0,E.Leclerc
NA,0,NA,Non-GI,1,0,0,0,0,France,1,NA,NA,15.236437797546387,NA,7,0,0,220,1.34,NA,0,E.Leclerc
NA,0,NA,Non-GI,1,0,0,1,0,France,0,NA,NA,15.236437797546387,21.383333333333333,10,0,0,100,1.49,NA,0,E.Leclerc
NA,0,NA,Non-GI,1,0,0,0,0,France,0,NA,NA,15.236437797546387,NA,0,0,0,100,2.22,NA,1,E.Leclerc
NA,0,NA,Non-GI,1,0,0,0,0,France,0,NA,NA,15.236437797546387,NA,0,0,0,100,1.49,NA,0,E.Leclerc
NA,0,NA,Non-GI,1,0,0,0,0,France,0,NA,NA,15.236437797546387,NA,0,0,0,100,1.49,NA,0,E.Leclerc
Germany,1,Schwarzwälder Schinken,PGI,0,0,1,0,0,France,0,9.341368675231934,NA,15.236437797546387,24.18611111111111,3,0,0,100,2.09,NA,1,E.Leclerc
NA,0,NA,Non-GI,1,0,0,0,1,France,0,NA,NA,15.236437797546387,NA,48,0,0,70,12.84,NA,0,E.Leclerc
France,1,Jambon de Bayonne,PGI,0,0,1,0,0,France,1,9.59626579284668,NA,11.849263191223145,22.483333333333334,7,1,0,200,2.82,NA,0,E.Leclerc
France,1,Jambon de Bayonne,PGI,0,0,1,0,0,France,1,9.59626579284668,NA,11.849263191223145,22.483333333333334,7,1,0,100,3.39,NA,0,E.Leclerc
France,1,Jambon de Bayonne,PGI,0,0,1,0,0,France,1,9.59626579284668,NA,11.849263191223145,22.483333333333334,7,1,0,150,2.98,NA,0,E.Leclerc
NA,0,NA,Non-GI,1,0,0,0,0,France,0,NA,NA,15.236437797546387,NA,9,1,0,110,3.48,NA,0,E.Leclerc
NA,0,NA,Non-GI,1,0,0,0,0,France,0,NA,NA,15.236437797546387,NA,0,1,0,100,3.79,NA,1,E.Leclerc
NA,0,NA,Non-GI,1,0,0,0,0,France,0,NA,NA,15.236437797546387,NA,7,1,0,120,4.31,NA,0,E.Leclerc
NA,0,NA,Non-GI,1,0,0,0,0,France,0,NA,NA,15.236437797546387,NA,7,1,0,85,4.66,NA,0,E.Leclerc
Italy,1,Prosciutto di Parma,PDO,0,1,0,0,0,France,0,6.8877787590026855,11.396391868591309,12.004497528076172,24.77777777777778,12,1,0,70,4.73,140,0,E.Leclerc
Italy,1,Südtiroler Speck,PGI,0,0,1,0,0,France,0,8.909016609191895,9.522181510925293,15.236437797546387,24.77777777777778,5,0,0,70,3.41,28,1,E.Leclerc
NA,0,NA,Non-GI,1,0,0,0,0,France,0,NA,NA,15.236437797546387,NA,0,1,0,85,4.64,NA,1,E.Leclerc
NA,0,NA,Non-GI,1,0,0,0,0,France,0,NA,NA,15.236437797546387,NA,0,1,0,100,2.99,NA,1,E.Leclerc
NA,0,NA,Non-GI,1,0,0,0,0,France,0,NA,NA,15.236437797546387,NA,7,1,0,90,3.04,NA,0,E.Leclerc
NA,0,NA,Non-GI,1,0,0,1,0,Spain,1,NA,NA,15.236437797546387,21.383333333333333,12,0,0,70,1.41,NA,0,Carrefour (ES)
NA,0,NA,Non-GI,1,0,0,1,0,Spain,1,NA,NA,15.236437797546387,21.383333333333333,12,0,0,120,1.73,NA,0,Carrefour (ES)
NA,0,NA,Non-GI,1,0,0,1,0,Spain,1,NA,NA,15.236437797546387,21.383333333333333,11,1,0,100,2.79,NA,0,Carrefour (ES)
NA,0,NA,Non-GI,1,0,0,0,0,Spain,1,NA,NA,15.236437797546387,NA,7,1,0,180,1.83,NA,0,Carrefour (ES)
NA,0,NA,Non-GI,1,0,0,1,0,Spain,1,NA,NA,15.236437797546387,21.383333333333333,13,1,0,300,1.32,NA,0,Carrefour (ES)
NA,0,NA,Non-GI,1,0,0,0,0,Spain,1,NA,NA,15.236437797546387,NA,7,1,0,50,2.14,NA,0,Carrefour (ES)
NA,0,NA,Non-GI,1,0,0,0,1,Spain,1,NA,NA,15.236437797546387,NA,20,1,0,200,4.98,NA,0,Carrefour (ES)
NA,0,NA,Non-GI,1,0,0,0,1,Spain,1,NA,NA,15.236437797546387,NA,24,0,0,100,4.29,NA,0,Carrefour (ES)
NA,0,NA,Non-GI,1,0,0,0,0,Spain,1,NA,NA,15.236437797546387,NA,9,1,0,180,2.77,NA,0,Carrefour (ES)
NA,0,NA,Non-GI,1,0,0,0,1,Spain,1,NA,NA,15.236437797546387,NA,20,0,0,100,4.9,NA,0,Carrefour (ES)
NA,0,NA,Non-GI,1,0,0,0,0,Spain,1,NA,NA,15.236437797546387,NA,7,0,0,200,1.43,NA,0,Carrefour (ES)
NA,0,NA,Non-GI,1,0,0,0,1,Spain,1,NA,NA,15.236437797546387,NA,24,0,0,90,5.44,NA,0,Carrefour (ES)
NA,0,NA,Non-GI,1,0,0,1,0,Spain,1,NA,NA,15.236437797546387,21.383333333333333,13,0,0,120,1.66,NA,0,Carrefour (ES)
Spain,1,Jabugo,PDO,0,1,0,0,1,Spain,1,8.03897476196289,NA,10.485222816467285,23.177777777777777,18,0,0,80,19.88,NA,0,Carrefour (ES)
NA,0,NA,Non-GI,1,0,0,1,0,Spain,1,NA,NA,15.236437797546387,21.383333333333333,12,1,0,70,1.43,NA,0,Carrefour (ES)
NA,0,NA,Non-GI,1,0,0,1,0,Spain,1,NA,NA,15.236437797546387,21.383333333333333,18,1,0,80,3.13,NA,0,Carrefour (ES)
NA,0,NA,Non-GI,1,0,0,0,0,Spain,1,NA,NA,15.236437797546387,NA,7,1,0,90,1.67,NA,0,Carrefour (ES)
NA,0,NA,Non-GI,1,0,0,1,0,Spain,1,NA,NA,15.236437797546387,21.383333333333333,12,0,0,100,2.3,NA,0,Carrefour (ES)
NA,0,NA,Non-GI,1,0,0,1,0,Spain,1,NA,NA,15.236437797546387,21.383333333333333,9,1,0,200,2,NA,0,Carrefour (ES)
NA,0,NA,Non-GI,1,0,0,0,1,Spain,1,NA,NA,15.236437797546387,NA,26,0,0,80,6.56,NA,0,Carrefour (ES)
NA,0,NA,Non-GI,1,0,0,1,0,Spain,1,NA,NA,15.236437797546387,21.383333333333333,12,0,0,130,1.73,NA,0,Carrefour (ES)
NA,0,NA,Non-GI,1,0,0,0,1,Spain,1,NA,NA,15.236437797546387,NA,20,1,0,70,7.21,NA,0,Carrefour (ES)
NA,0,NA,Non-GI,1,0,0,0,1,Spain,1,NA,NA,15.236437797546387,NA,20,0,0,100,4.45,NA,0,Carrefour (ES)
NA,0,NA,Non-GI,1,0,0,0,1,Spain,1,NA,NA,15.236437797546387,NA,20,1,0,100,6.15,NA,0,Carrefour (ES)
NA,0,NA,Non-GI,1,0,0,1,0,Spain,1,NA,NA,15.236437797546387,21.383333333333333,18,1,0,100,2.98,NA,0,Carrefour (ES)
Spain,1,Jamón de Teruel,PDO,0,1,0,0,0,Spain,1,7.833460330963135,NA,9.603057861328125,24.77777777777778,14,0,0,100,2.97,NA,0,Carrefour (ES)
Spain,1,Jamón de Trevélez,PGI,0,0,1,0,0,Spain,1,5.742168426513672,NA,15.236437797546387,15.377777777777778,17,1,0,120,2.42,NA,0,Carrefour (ES)
NA,0,NA,Non-GI,1,0,0,0,1,Spain,1,NA,NA,15.236437797546387,NA,20,0,0,100,11.95,NA,0,Carrefour (ES)
NA,0,NA,Non-GI,1,0,0,1,0,Spain,1,NA,NA,15.236437797546387,21.383333333333333,13,0,0,240,1.41,NA,0,Carrefour (ES)
NA,0,NA,Non-GI,1,0,0,1,0,Spain,1,NA,NA,15.236437797546387,21.383333333333333,7,1,0,100,2.5,NA,0,Carrefour (ES)
NA,0,NA,Non-GI,1,0,0,1,0,Spain,1,NA,NA,15.236437797546387,21.383333333333333,12,1,0,110,3.27,NA,0,Carrefour (ES)
NA,0,NA,Non-GI,1,0,0,0,1,Spain,1,NA,NA,15.236437797546387,NA,24,1,0,110,5.41,NA,0,Carrefour (ES)
NA,0,NA,Non-GI,1,0,0,0,0,Spain,1,NA,NA,15.236437797546387,NA,24,1,0,110,4.5,NA,0,Carrefour (ES)
NA,0,NA,Non-GI,1,0,0,0,0,Spain,1,NA,NA,15.236437797546387,NA,7,1,0,180,2.77,NA,0,Carrefour (ES)
NA,0,NA,Non-GI,1,0,0,0,1,Spain,1,NA,NA,15.236437797546387,NA,24,0,0,100,4.99,NA,0,Carrefour (ES)
NA,0,NA,Non-GI,1,0,0,1,0,Spain,1,NA,NA,15.236437797546387,21.383333333333333,12,1,0,90,2.89,NA,0,Carrefour (ES)
NA,0,NA,Non-GI,1,0,0,0,0,Spain,1,NA,NA,15.236437797546387,NA,9,1,0,200,2.15,NA,0,Carrefour (ES)
NA,0,NA,Non-GI,1,0,0,0,0,Spain,1,NA,NA,15.236437797546387,NA,14,1,0,90,2.33,NA,0,Carrefour (ES)
NA,0,NA,Non-GI,1,0,0,0,0,Spain,1,NA,NA,15.236437797546387,NA,12,1,0,90,3.11,NA,0,Carrefour (ES)
NA,0,NA,Non-GI,1,0,0,0,0,Spain,1,NA,NA,15.236437797546387,NA,9,1,0,200,1.84,NA,0,Carrefour (ES)
NA,0,NA,Non-GI,1,0,0,1,0,Spain,1,NA,NA,15.236437797546387,21.383333333333333,12,0,0,80,2.63,NA,0,Carrefour (ES)
NA,0,NA,Non-GI,1,0,0,1,0,Spain,1,NA,NA,15.236437797546387,21.383333333333333,12,0,0,100,1.99,NA,0,Carrefour (ES)
NA,0,NA,Non-GI,1,0,0,0,0,Spain,1,NA,NA,15.236437797546387,NA,7,0,0,130,1.53,NA,0,Carrefour (ES)
NA,0,NA,Non-GI,1,0,0,0,1,Spain,1,NA,NA,15.236437797546387,NA,20,1,0,200,4.98,NA,0,Carrefour (ES)
NA,0,NA,Non-GI,1,0,0,0,1,Spain,1,NA,NA,15.236437797546387,NA,24,1,0,85,10.53,NA,0,Carrefour (ES)
NA,0,NA,Non-GI,1,0,0,1,0,Spain,1,NA,NA,15.236437797546387,21.383333333333333,15,0,0,90,2.21,NA,0,Carrefour (ES)
NA,0,NA,Non-GI,1,0,0,0,0,Spain,1,NA,NA,15.236437797546387,NA,10,1,0,96,3.07,NA,0,Carrefour (ES)
NA,0,NA,Non-GI,1,0,0,0,1,Spain,1,NA,NA,15.236437797546387,NA,24,0,0,100,8.4,NA,0,Carrefour (ES)
NA,0,NA,Non-GI,1,0,0,0,1,Spain,1,NA,NA,15.236437797546387,NA,26,0,0,80,7.75,NA,0,Carrefour (ES)
NA,0,NA,Non-GI,1,0,0,0,1,Spain,1,NA,NA,15.236437797546387,NA,20,1,0,200,5.78,NA,0,Carrefour (ES)
NA,0,NA,Non-GI,1,0,0,1,0,Spain,1,NA,NA,15.236437797546387,21.383333333333333,15,1,0,100,2.6,NA,0,Carrefour (ES)
NA,0,NA,Non-GI,1,0,0,1,0,Spain,1,NA,NA,15.236437797546387,21.383333333333333,15,1,0,80,3.19,NA,0,Carrefour (ES)
NA,0,NA,Non-GI,1,0,0,0,0,Spain,1,NA,NA,15.236437797546387,NA,7,1,0,50,2,NA,0,Dia
NA,0,NA,Non-GI,1,0,0,1,0,Spain,1,NA,NA,15.236437797546387,21.383333333333333,10,0,0,240,1.45,NA,0,Dia
NA,0,NA,Non-GI,1,0,0,1,0,Spain,1,NA,NA,15.236437797546387,21.383333333333333,15,0,0,120,1.71,NA,0,Dia
NA,0,NA,Non-GI,1,0,0,0,0,Spain,1,NA,NA,15.236437797546387,NA,7,0,0,70,1.43,NA,0,Dia
NA,0,NA,Non-GI,1,0,0,0,1,Spain,1,NA,NA,15.236437797546387,NA,20,1,0,110,6.35,NA,0,Dia
NA,0,NA,Non-GI,1,0,0,1,0,Spain,1,NA,NA,15.236437797546387,21.383333333333333,18,1,0,80,3.11,NA,0,Dia
NA,0,NA,Non-GI,1,0,0,0,1,Spain,1,NA,NA,15.236437797546387,NA,20,1,0,90,6.61,NA,0,Dia
NA,0,NA,Non-GI,1,0,0,0,0,Spain,1,NA,NA,15.236437797546387,NA,7,1,0,125,1.6,NA,0,Dia
NA,0,NA,Non-GI,1,0,0,0,1,Spain,1,NA,NA,15.236437797546387,NA,20,1,0,90,4.39,NA,0,Dia
NA,0,NA,Non-GI,1,0,0,0,0,Spain,1,NA,NA,15.236437797546387,NA,10,1,0,138,2.17,NA,0,Dia
NA,0,NA,Non-GI,1,0,0,0,1,Spain,1,NA,NA,15.236437797546387,NA,20,0,0,100,4.79,NA,0,Dia
NA,0,NA,Non-GI,1,0,0,1,0,Spain,1,NA,NA,15.236437797546387,21.383333333333333,14,0,0,120,1.83,NA,0,Mercadona
NA,0,NA,Non-GI,1,0,0,1,0,Spain,1,NA,NA,15.236437797546387,21.383333333333333,14,0,0,240,1.45,NA,0,Mercadona
NA,0,NA,Non-GI,1,0,0,1,0,Spain,1,NA,NA,15.236437797546387,21.383333333333333,12,0,0,90,3.44,NA,0,Mercadona
NA,0,NA,Non-GI,1,0,0,0,1,Spain,1,NA,NA,15.236437797546387,NA,20,0,0,90,6.5,NA,0,Mercadona
NA,0,NA,Non-GI,1,0,0,0,1,Spain,1,NA,NA,15.236437797546387,NA,36,0,0,90,12.5,NA,0,Mercadona
NA,0,NA,Non-GI,1,0,0,0,1,Spain,1,NA,NA,15.236437797546387,NA,20,0,0,90,15.5,NA,0,Mercadona
Spain,1,Jamón de Trevélez,PGI,0,0,1,0,0,Spain,1,5.742168426513672,NA,15.236437797546387,15.377777777777778,17,1,0,120,2.42,NA,0,Mercadona
Spain,1,Jamón de Teruel,PDO,0,1,0,0,0,Spain,1,7.833460330963135,NA,9.603057861328125,24.77777777777778,14,1,0,120,2.58,NA,0,Mercadona
NA,0,NA,Non-GI,1,0,0,1,0,Spain,1,NA,NA,15.236437797546387,21.383333333333333,17,1,0,90,2.19,NA,0,Mercadona
NA,0,NA,Non-GI,1,0,0,1,0,Portugal,0,NA,NA,15.236437797546387,21.383333333333333,9,0,0,200,1.5,NA,0,Continente
NA,0,NA,Non-GI,1,0,0,0,0,Portugal,1,NA,NA,15.236437797546387,NA,9,0,0,200,1.45,NA,0,Continente
NA,0,NA,Non-GI,1,0,0,0,1,Portugal,1,NA,NA,15.236437797546387,NA,18,0,0,90,5.54,NA,0,Continente
Germany,1,Schwarzwälder Schinken,PGI,0,0,1,0,0,Portugal,0,9.341368675231934,NA,15.236437797546387,24.18611111111111,3,1,0,80,1.49,NA,1,Continente
NA,0,NA,Non-GI,1,0,0,0,1,Portugal,1,NA,NA,15.236437797546387,NA,24,1,0,80,5.61,NA,0,Continente
NA,0,NA,Non-GI,1,0,0,0,0,Portugal,1,NA,NA,15.236437797546387,NA,9,0,0,220,1.81,NA,0,Continente
NA,0,NA,Non-GI,1,0,0,0,0,Portugal,1,NA,NA,15.236437797546387,NA,9,0,0,120,1.99,NA,0,Continente
Italy,1,Prosciutto di Parma,PDO,0,1,0,0,0,Portugal,0,6.8877787590026855,11.396391868591309,12.004497528076172,24.77777777777778,16,1,0,80,5.61,140,0,Continente
NA,0,NA,Non-GI,1,0,0,1,0,Portugal,0,NA,NA,15.236437797546387,21.383333333333333,7,1,0,120,2.49,NA,0,Continente
NA,0,NA,Non-GI,1,0,0,0,0,Portugal,1,NA,NA,15.236437797546387,NA,12,0,0,120,2.49,NA,0,Continente
NA,0,NA,Non-GI,1,0,0,0,0,Portugal,1,NA,NA,15.236437797546387,NA,9,0,0,120,1.91,NA,0,Continente
NA,0,NA,Non-GI,1,0,0,0,0,Portugal,1,NA,NA,15.236437797546387,NA,12,0,0,100,2.99,NA,0,Continente
Italy,1,Prosciutto di Parma,PDO,0,1,0,0,0,Portugal,0,6.8877787590026855,11.396391868591309,12.004497528076172,24.77777777777778,24,1,0,80,6.24,140,0,Continente
NA,0,NA,Non-GI,1,0,0,0,1,Portugal,1,NA,NA,15.236437797546387,NA,24,0,0,90,5.54,NA,0,Continente
NA,0,NA,Non-GI,1,0,0,0,1,Portugal,0,NA,NA,15.236437797546387,NA,20,1,0,90,7.77,NA,0,Continente
NA,0,NA,Non-GI,1,0,0,0,0,Portugal,1,NA,NA,15.236437797546387,NA,12,0,0,90,4.43,NA,0,Continente
NA,0,NA,Non-GI,1,0,0,0,1,Portugal,0,NA,NA,15.236437797546387,NA,24,0,0,80,6.24,NA,0,Continente
NA,0,NA,Non-GI,1,0,0,0,0,Portugal,1,NA,NA,15.236437797546387,NA,12,1,0,160,2.06,NA,0,Continente
NA,0,NA,Non-GI,1,0,0,0,0,Portugal,1,NA,NA,15.236437797546387,NA,9,0,0,240,1.66,NA,0,Continente
NA,0,NA,Non-GI,1,0,0,1,0,Portugal,0,NA,NA,15.236437797546387,21.383333333333333,12,0,0,110,2.72,NA,0,Continente
NA,0,NA,Non-GI,1,0,0,0,0,Portugal,1,NA,NA,15.236437797546387,NA,9,0,0,160,2.06,NA,0,Continente
NA,0,NA,Non-GI,1,0,0,0,0,Portugal,1,NA,NA,15.236437797546387,NA,0,1,0,150,1.93,NA,0,Continente
NA,0,NA,Non-GI,1,0,0,0,0,Portugal,1,NA,NA,15.236437797546387,NA,7,0,0,200,1.35,NA,0,Auchan (PT)
NA,0,NA,Non-GI,1,0,0,0,1,Portugal,0,NA,NA,15.236437797546387,NA,20,1,0,70,12.84,NA,0,Auchan (PT)
NA,0,NA,Non-GI,1,0,0,0,1,Portugal,0,NA,NA,15.236437797546387,NA,20,0,0,100,5.89,NA,0,Auchan (PT)
NA,0,NA,Non-GI,1,0,0,0,1,Portugal,0,NA,NA,15.236437797546387,NA,24,1,0,70,8.56,NA,0,Auchan (PT)
NA,0,NA,Non-GI,1,0,0,0,0,Portugal,1,NA,NA,15.236437797546387,NA,0,1,0,120,2.99,NA,0,Auchan (PT)
Italy,1,Prosciutto di Parma,PDO,0,1,0,0,0,Portugal,0,6.8877787590026855,11.396391868591309,12.004497528076172,24.77777777777778,13,0,0,80,4.99,140,0,Auchan (PT)
Italy,1,Prosciutto di Parma,PDO,0,1,0,0,0,Portugal,0,6.8877787590026855,11.396391868591309,12.004497528076172,24.77777777777778,12,1,0,70,7.13,140,0,Auchan (PT)
NA,0,NA,Non-GI,1,0,0,0,1,Portugal,1,NA,NA,15.236437797546387,NA,24,0,0,70,7.13,NA,0,Auchan (PT)
NA,0,NA,Non-GI,1,0,0,0,0,Portugal,1,NA,NA,15.236437797546387,NA,0,1,0,150,2.66,NA,0,Auchan (PT)
NA,0,NA,Non-GI,1,0,0,0,0,Portugal,1,NA,NA,15.236437797546387,NA,0,1,0,110,3.45,NA,1,Auchan (PT)
NA,0,NA,Non-GI,1,0,0,0,0,Portugal,1,NA,NA,15.236437797546387,NA,9,0,0,180,1.72,NA,0,Auchan (PT)
NA,0,NA,Non-GI,1,0,0,0,0,Portugal,1,NA,NA,15.236437797546387,NA,9,0,0,140,1.85,NA,0,Auchan (PT)
NA,0,NA,Non-GI,1,0,0,0,0,Portugal,1,NA,NA,15.236437797546387,NA,9,0,0,70,1.99,NA,0,Auchan (PT)
NA,0,NA,Non-GI,1,0,0,0,0,Portugal,1,NA,NA,15.236437797546387,NA,14,1,0,100,4.99,NA,0,Auchan (PT)
NA,0,NA,Non-GI,1,0,0,0,0,Portugal,1,NA,NA,15.236437797546387,NA,9,1,0,100,4.59,NA,0,Auchan (PT)
NA,0,NA,Non-GI,1,0,0,0,0,Portugal,1,NA,NA,15.236437797546387,NA,0,1,0,150,2.33,NA,0,Auchan (PT)
NA,0,NA,Non-GI,1,0,0,1,0,Portugal,0,NA,NA,15.236437797546387,21.383333333333333,12,0,0,120,2.74,NA,0,Auchan (PT)
NA,0,NA,Non-GI,1,0,0,1,0,Portugal,0,NA,NA,15.236437797546387,21.383333333333333,12,0,0,250,2,NA,0,Auchan (PT)
NA,0,NA,Non-GI,1,0,0,1,0,Portugal,0,NA,NA,15.236437797546387,21.383333333333333,10,0,0,250,2,NA,0,Auchan (PT)
NA,0,NA,Non-GI,1,0,0,1,0,Portugal,0,NA,NA,15.236437797546387,21.383333333333333,9,1,0,70,4.27,NA,0,Auchan (PT)
NA,0,NA,Non-GI,1,0,0,0,1,Portugal,1,NA,NA,15.236437797546387,NA,20,1,0,100,13.99,NA,0,Auchan (PT)
NA,0,NA,Non-GI,1,0,0,0,0,Portugal,1,NA,NA,15.236437797546387,NA,0,1,0,120,3.33,NA,0,Auchan (PT)
NA,0,NA,Non-GI,1,0,0,1,0,Portugal,0,NA,NA,15.236437797546387,21.383333333333333,7,1,0,200,2.8,NA,0,Auchan (PT)
NA,0,NA,Non-GI,1,0,0,0,0,Portugal,1,NA,NA,15.236437797546387,NA,15,1,0,100,3.99,NA,0,Auchan (PT)
NA,0,NA,Non-GI,1,0,0,0,0,Portugal,1,NA,NA,15.236437797546387,NA,0,1,0,70,3.2,NA,0,Auchan (PT)
NA,0,NA,Non-GI,1,0,0,0,1,Portugal,1,NA,NA,15.236437797546387,NA,20,1,0,80,8.74,NA,0,Auchan (PT)
NA,0,NA,Non-GI,1,0,0,0,0,Portugal,1,NA,NA,15.236437797546387,NA,0,1,0,90,2.22,NA,0,Auchan (PT)
NA,0,NA,Non-GI,1,0,0,0,0,Portugal,1,NA,NA,15.236437797546387,NA,0,1,0,70,2.43,NA,0,Auchan (PT)
NA,0,NA,Non-GI,1,0,0,0,1,Portugal,1,NA,NA,15.236437797546387,NA,24,1,0,100,8.99,NA,0,Auchan (PT)
NA,0,NA,Non-GI,1,0,0,0,0,Portugal,1,NA,NA,15.236437797546387,NA,0,1,0,300,1.53,NA,0,Auchan (PT)
NA,0,NA,Non-GI,1,0,0,0,0,Portugal,1,NA,NA,15.236437797546387,NA,7,0,0,100,1.99,NA,0,Auchan (PT)
NA,0,NA,Non-GI,1,0,0,0,0,Portugal,1,NA,NA,15.236437797546387,NA,7,1,0,150,2.66,NA,0,Auchan (PT)
NA,0,NA,Non-GI,1,0,0,0,0,Portugal,1,NA,NA,15.236437797546387,NA,9,0,0,150,1.43,NA,0,Pingo Doce
NA,0,NA,Non-GI,1,0,0,1,0,Portugal,0,NA,NA,15.236437797546387,21.383333333333333,16,0,0,100,1.99,NA,0,Pingo Doce
NA,0,NA,Non-GI,1,0,0,1,0,Portugal,0,NA,NA,15.236437797546387,21.383333333333333,14,1,0,150,2.19,NA,0,Pingo Doce
NA,0,NA,Non-GI,1,0,0,0,0,Portugal,0,NA,NA,15.236437797546387,NA,9,0,0,200,1.5,NA,0,Pingo Doce
NA,0,NA,Non-GI,1,0,0,1,0,Portugal,0,NA,NA,15.236437797546387,21.383333333333333,14,1,0,150,2.33,NA,0,Pingo Doce
NA,0,NA,Non-GI,1,0,0,0,0,Portugal,1,NA,NA,15.236437797546387,NA,9,1,0,250,1.76,NA,0,Pingo Doce
NA,0,NA,Non-GI,1,0,0,1,0,Portugal,0,NA,NA,15.236437797546387,21.383333333333333,9,1,0,300,1.66,NA,0,Pingo Doce
NA,0,NA,Non-GI,1,0,0,1,0,Portugal,0,NA,NA,15.236437797546387,21.383333333333333,16,1,0,100,2.89,NA,0,Pingo Doce
NA,0,NA,Non-GI,1,0,0,0,0,Portugal,0,NA,NA,15.236437797546387,NA,12,1,0,100,3.59,NA,0,Pingo Doce
NA,0,NA,Non-GI,1,0,0,1,0,Portugal,0,NA,NA,15.236437797546387,21.383333333333333,12,0,0,80,2.99,NA,0,Pingo Doce
NA,0,NA,Non-GI,1,0,0,1,0,Portugal,0,NA,NA,15.236437797546387,21.383333333333333,12,1,0,120,2.49,NA,0,Pingo Doce
NA,0,NA,Non-GI,1,0,0,0,0,Portugal,1,NA,NA,15.236437797546387,NA,6,1,0,150,1.46,NA,0,Pingo Doce
NA,0,NA,Non-GI,1,0,0,0,0,Portugal,1,NA,NA,15.236437797546387,NA,5,0,0,150,1.59,NA,0,Pingo Doce
NA,0,NA,Non-GI,1,0,0,0,1,Portugal,1,NA,NA,15.236437797546387,NA,24,0,0,70,5.7,NA,0,Pingo Doce
NA,0,NA,Non-GI,1,0,0,1,0,Portugal,0,NA,NA,15.236437797546387,21.383333333333333,12,1,0,180,1.99,NA,0,Pingo Doce
NA,0,NA,Non-GI,1,0,0,0,0,Portugal,1,NA,NA,15.236437797546387,NA,5,0,0,200,1.24,NA,0,Pingo Doce
NA,0,NA,Non-GI,1,0,0,0,0,Luxembourg,0,NA,NA,15.236437797546387,NA,7,1,0,165,3.45,NA,0,Auchan (LX)
NA,0,NA,Non-GI,1,0,0,0,1,Luxembourg,0,NA,NA,15.236437797546387,NA,24,1,0,65,8.11,NA,0,Auchan (LX)
NA,0,NA,Non-GI,1,0,0,0,0,Luxembourg,0,NA,NA,15.236437797546387,NA,0,0,1,80,5.45,NA,0,Auchan (LX)
NA,0,NA,Non-GI,1,0,0,0,0,Luxembourg,0,NA,NA,15.236437797546387,NA,9,0,0,100,3.95,NA,0,Auchan (LX)
NA,0,NA,Non-GI,1,0,0,0,0,Luxembourg,0,NA,NA,15.236437797546387,NA,7,0,0,100,1.81,NA,0,Auchan (LX)
NA,0,NA,Non-GI,1,0,0,0,0,Luxembourg,0,NA,NA,15.236437797546387,NA,8,0,0,100,1.84,NA,0,Auchan (LX)
Luxembourg,1,Marque Nationale Grand-Duché de Luxembourg,PGI,0,0,1,0,0,Luxembourg,1,7.85786771774292,NA,15.236437797546387,24.77777777777778,10,1,0,100,6.52,NA,1,Auchan (LX)
NA,0,NA,Non-GI,1,0,0,1,0,Luxembourg,0,NA,NA,15.236437797546387,21.383333333333333,9,1,0,120,3.17,NA,0,Auchan (LX)
NA,0,NA,Non-GI,1,0,0,1,0,Luxembourg,0,NA,NA,15.236437797546387,21.383333333333333,7,1,1,70,12.51,NA,0,Auchan (LX)
NA,0,NA,Non-GI,1,0,0,0,0,Luxembourg,0,NA,NA,15.236437797546387,NA,7,1,1,70,7.26,NA,0,Auchan (LX)
Italy,1,Prosciutto di Parma,PDO,0,1,0,0,0,Luxembourg,0,6.8877787590026855,11.396391868591309,12.004497528076172,24.77777777777778,12,1,1,70,9.07,140,0,Auchan (LX)
Italy,1,Prosciutto di Parma,PDO,0,1,0,0,0,Luxembourg,0,6.8877787590026855,11.396391868591309,12.004497528076172,24.77777777777778,12,1,0,100,7.44,140,0,Auchan (LX)
NA,0,NA,Non-GI,1,0,0,0,1,Luxembourg,0,NA,NA,15.236437797546387,NA,24,1,0,60,11.48,NA,0,Auchan (LX)
Luxembourg,1,Marque Nationale Grand-Duché de Luxembourg,PGI,0,0,1,0,0,Luxembourg,1,7.85786771774292,NA,7.85786771774292,24.77777777777778,14,1,0,160,7.06,NA,1,Auchan (LX)
Luxembourg,1,Marque Nationale Grand-Duché de Luxembourg,PGI,0,0,1,0,0,Luxembourg,1,7.85786771774292,NA,7.85786771774292,24.77777777777778,12,1,0,160,5.93,NA,1,Auchan (LX)
Germany,1,Schwarzwälder Schinken,PGI,0,0,1,0,0,Luxembourg,0,9.341368675231934,NA,15.236437797546387,24.18611111111111,3,0,0,100,2.51,NA,1,Auchan (LX)
NA,0,NA,Non-GI,1,0,0,0,1,Luxembourg,0,NA,NA,15.236437797546387,NA,24,0,0,70,6.47,NA,0,Auchan (LX)
Italy,1,Prosciutto di San Daniele,PDO,0,1,0,0,0,Luxembourg,0,3.5490424633026123,10.16889762878418,12.025091171264648,24.77777777777778,14,0,0,70,5.17,28,0,Auchan (LX)
NA,0,NA,Non-GI,1,0,0,1,0,Luxembourg,0,NA,NA,15.236437797546387,21.383333333333333,12,0,0,100,1.83,NA,0,Auchan (LX)
France,1,Jambon de Bayonne,PGI,0,0,1,0,0,Luxembourg,0,9.59626579284668,NA,11.849263191223145,22.483333333333334,9,0,0,100,3.62,NA,0,Auchan (LX)
Italy,1,Prosciutto di Parma,PDO,0,1,0,0,0,Luxembourg,0,6.8877787590026855,11.396391868591309,12.004497528076172,24.77777777777778,13,0,0,80,3.84,140,0,Auchan (LX)
NA,0,NA,Non-GI,1,0,0,0,0,Luxembourg,0,NA,NA,15.236437797546387,NA,7,0,0,100,3.44,NA,0,Auchan (LX)
NA,0,NA,Non-GI,1,0,0,0,0,Luxembourg,0,NA,NA,15.236437797546387,NA,7,1,0,90,4.09,NA,0,Auchan (LX)
Italy,1,Prosciutto di Parma,PDO,0,1,0,0,0,Luxembourg,0,6.8877787590026855,11.396391868591309,12.004497528076172,24.77777777777778,12,1,0,70,5.71,140,0,Auchan (LX)
NA,0,NA,Non-GI,1,0,0,0,0,Luxembourg,0,NA,NA,15.236437797546387,NA,0,1,0,100,3.84,NA,1,Auchan (LX)
NA,0,NA,Non-GI,1,0,0,0,0,Luxembourg,0,NA,NA,15.236437797546387,NA,0,0,0,200,1.15,NA,1,Auchan (LX)
NA,0,NA,Non-GI,1,0,0,0,0,Luxembourg,0,NA,NA,15.236437797546387,NA,12,1,0,80,5.33,NA,0,Auchan (LX)
NA,0,NA,Non-GI,1,0,0,0,0,Luxembourg,0,NA,NA,15.236437797546387,NA,0,1,0,80,5.04,NA,1,Auchan (LX)
NA,0,NA,Non-GI,1,0,0,0,0,Luxembourg,0,NA,NA,15.236437797546387,NA,24,1,0,70,10.43,NA,0,Auchan (LX)
Italy,1,Prosciutto di San Daniele,PDO,0,1,0,0,0,Luxembourg,0,3.5490424633026123,10.16889762878418,12.025091171264648,24.77777777777778,13,1,0,110,5.43,28,0,Auchan (LX)
Italy,1,Prosciutto di San Daniele,PDO,0,1,0,0,0,Luxembourg,0,3.5490424633026123,10.16889762878418,12.025091171264648,24.77777777777778,16,1,0,100,7.99,28,0,Auchan (LX)
Italy,1,Prosciutto di Parma,PDO,0,1,0,0,0,Luxembourg,0,6.8877787590026855,11.396391868591309,12.004497528076172,24.77777777777778,16,1,0,100,7.46,140,0,Auchan (LX)
NA,0,NA,Non-GI,1,0,0,0,0,Luxembourg,0,NA,NA,15.236437797546387,NA,0,1,0,110,5.74,NA,0,Auchan (LX)
Germany,1,Schwarzwälder Schinken,PGI,0,0,1,0,0,Luxembourg,0,9.341368675231934,NA,15.236437797546387,24.18611111111111,3,1,0,100,1.92,NA,1,Auchan (LX)
Italy,1,Prosciutto di San Daniele,PDO,0,1,0,0,0,Luxembourg,0,3.5490424633026123,10.16889762878418,12.025091171264648,24.77777777777778,13,1,0,70,5.69,28,0,Auchan (LX)
NA,0,NA,Non-GI,1,0,0,0,0,Slovenia,1,NA,NA,15.236437797546387,NA,0,0,0,150,2.33,NA,1,Spar (SI)
Slovenia,1,Kraški Pršut,PGI,0,0,1,0,0,Slovenia,1,6.06145715713501,NA,15.236437797546387,8.794444444444444,16,0,0,100,5.09,NA,0,Spar (SI)
NA,0,NA,Non-GI,1,0,0,0,0,Slovenia,1,NA,NA,15.236437797546387,NA,0,0,0,100,2.19,NA,0,Spar (SI)
Croatia,1,Dalmatinski Pršut,PGI,0,0,1,0,0,Slovenia,0,9.39442253112793,NA,15.236437797546387,5.133333333333334,12,0,0,100,3.59,NA,0,Spar (SI)
Slovenia,1,Kraški Pršut,PGI,0,0,1,0,0,Slovenia,1,6.06145715713501,NA,15.236437797546387,8.794444444444444,12,1,0,100,4.89,NA,0,Spar (SI)
NA,0,NA,Non-GI,1,0,0,0,0,Slovenia,0,NA,NA,15.236437797546387,NA,6,1,0,100,3.79,NA,0,Spar (SI)
Slovenia,1,Kraški Pršut,PGI,0,0,1,0,0,Slovenia,1,6.06145715713501,NA,15.236437797546387,8.794444444444444,12,1,0,100,4.79,NA,0,Spar (SI)
Croatia,1,Dalmatinski Pršut,PGI,0,0,1,0,0,Slovenia,0,9.39442253112793,NA,15.236437797546387,5.133333333333334,12,1,0,100,2.99,NA,0,Spar (SI)
Italy,1,Prosciutto di Parma,PDO,0,1,0,0,0,Slovenia,0,6.8877787590026855,11.396391868591309,12.004497528076172,24.77777777777778,12,1,0,70,4.7,140,0,Spar (SI)
NA,0,NA,Non-GI,1,0,0,1,0,Slovenia,0,NA,NA,15.236437797546387,21.383333333333333,9,1,0,80,3.48,NA,0,Spar (SI)
NA,0,NA,Non-GI,1,0,0,0,0,Slovenia,0,NA,NA,15.236437797546387,NA,0,1,0,100,2.39,NA,0,Spar (SI)
NA,0,NA,Non-GI,1,0,0,0,0,Slovenia,1,NA,NA,15.236437797546387,NA,0,0,0,100,2.19,NA,0,Mercator
NA,0,NA,Non-GI,1,0,0,0,0,Slovenia,1,NA,NA,15.236437797546387,NA,12,1,0,100,2.69,NA,0,Mercator
Slovenia,1,Kraški Pršut,PGI,0,0,1,0,0,Slovenia,1,6.06145715713501,NA,15.236437797546387,8.794444444444444,12,1,0,100,4.99,NA,0,Mercator
NA,0,NA,Non-GI,1,0,0,0,0,Slovenia,0,NA,NA,15.236437797546387,NA,6,1,0,100,2.99,NA,1,Mercator
NA,0,NA,Non-GI,1,0,0,0,0,Slovenia,1,NA,NA,15.236437797546387,NA,0,0,0,500,1.68,NA,0,Mercator
Slovenia,1,Kraški Pršut,PGI,0,0,1,0,0,Slovenia,1,6.06145715713501,NA,15.236437797546387,8.794444444444444,12,1,0,100,4.99,NA,0,Mercator
Italy,1,Prosciutto di Parma,PDO,0,1,0,0,0,Slovenia,0,6.8877787590026855,11.396391868591309,12.004497528076172,24.77777777777778,12,1,0,100,3.99,140,0,Mercator
Italy,1,Prosciutto di San Daniele,PDO,0,1,0,0,0,Slovenia,0,3.5490424633026123,10.16889762878418,12.025091171264648,24.77777777777778,13,1,0,70,6.13,28,0,Mercator
Italy,1,Prosciutto di Parma,PDO,0,1,0,0,0,Slovenia,0,6.8877787590026855,11.396391868591309,12.004497528076172,24.77777777777778,24,1,0,100,4.99,140,0,Mercator
Slovenia,1,Kraški Pršut,PGI,0,0,1,0,0,Slovenia,1,6.06145715713501,NA,15.236437797546387,8.794444444444444,16,1,0,100,5.99,NA,0,Mercator
Croatia,1,Dalmatinski Pršut,PGI,0,0,1,0,0,Slovenia,0,9.39442253112793,NA,15.236437797546387,5.133333333333334,12,1,0,100,2.49,NA,0,Mercator
Croatia,1,Dalmatinski Pršut,PGI,0,0,1,0,0,Slovenia,0,9.39442253112793,NA,15.236437797546387,5.133333333333334,12,1,0,100,3.19,NA,0,Mercator
NA,0,NA,Non-GI,1,0,0,1,0,Slovenia,0,NA,NA,15.236437797546387,21.383333333333333,7,1,0,60,3.32,NA,0,Mercator
NA,0,NA,Non-GI,1,0,0,0,1,Slovenia,0,NA,NA,15.236437797546387,NA,20,1,0,60,6.65,NA,0,Mercator
Croatia,1,Dalmatinski Pršut,PGI,0,0,1,0,0,Slovenia,0,9.39442253112793,NA,15.236437797546387,5.133333333333334,12,1,0,100,3.59,NA,0,Mercator
NA,0,NA,Non-GI,1,0,0,0,0,Slovenia,0,NA,NA,15.236437797546387,NA,6,1,0,250,2.92,NA,1,Mercator
Italy,1,Prosciutto di Parma,PDO,0,1,0,0,0,Ireland,0,6.8877787590026855,11.396391868591309,12.004497528076172,24.77777777777778,14,0,0,78,3.21,140,0,Tesco
NA,0,NA,Non-GI,1,0,0,0,0,Ireland,0,NA,NA,15.236437797546387,NA,8,0,0,84,2.26,NA,0,Tesco
NA,0,NA,Non-GI,1,0,0,1,0,Ireland,0,NA,NA,15.236437797546387,21.383333333333333,11,0,0,80,2.38,NA,0,Tesco
NA,0,NA,Non-GI,1,0,0,1,0,Ireland,0,NA,NA,15.236437797546387,21.383333333333333,7,1,0,35,3.69,NA,0,Tesco
NA,0,NA,Non-GI,1,0,0,0,0,Ireland,0,NA,NA,15.236437797546387,NA,0,0,0,80,3.13,NA,1,Tesco
NA,0,NA,Non-GI,1,0,0,0,0,Ireland,0,NA,NA,15.236437797546387,NA,8,0,0,180,2.5,NA,0,Tesco
NA,0,NA,Non-GI,1,0,0,1,0,Ireland,0,NA,NA,15.236437797546387,21.383333333333333,12,1,0,80,5,NA,0,Tesco
Italy,1,Prosciutto di Parma,PDO,0,1,0,0,0,Ireland,0,6.8877787590026855,11.396391868591309,12.004497528076172,24.77777777777778,14,0,0,100,2.85,140,0,SuperValu
Italy,1,Prosciutto di Parma,PDO,0,1,0,0,0,Ireland,0,6.8877787590026855,11.396391868591309,12.004497528076172,24.77777777777778,13,0,0,80,2.93,140,0,SuperValu
NA,0,NA,Non-GI,1,0,0,1,0,Ireland,0,NA,NA,15.236437797546387,21.383333333333333,10,0,0,100,1.99,NA,0,SuperValu
NA,0,NA,Non-GI,1,0,0,1,0,Ireland,0,NA,NA,15.236437797546387,21.383333333333333,10,0,0,100,2.49,NA,0,SuperValu
NA,0,NA,Non-GI,1,0,0,0,0,Ireland,0,NA,NA,15.236437797546387,NA,0,0,0,80,5.36,NA,0,SuperValu
Italy,1,Prosciutto di Parma,PDO,0,1,0,0,0,Ireland,0,6.8877787590026855,11.396391868591309,12.004497528076172,24.77777777777778,18,1,0,70,6.96,140,0,SuperValu
NA,0,NA,Non-GI,1,0,0,0,0,Ireland,0,NA,NA,15.236437797546387,NA,18,1,0,70,6.44,NA,0,SuperValu
Italy,1,Prosciutto di Parma,PDO,0,1,0,0,0,Ireland,0,6.8877787590026855,11.396391868591309,12.004497528076172,24.77777777777778,14,1,0,85,5.52,140,0,SuperValu
NA,0,NA,Non-GI,1,0,0,1,0,Ireland,0,NA,NA,15.236437797546387,21.383333333333333,12,1,0,100,3.29,NA,0,SuperValu
NA,0,NA,Non-GI,1,0,0,1,0,Spain,1,NA,NA,15.236437797546387,21.383333333333333,12,0,0,250,1.45,NA,0,Alcampo
NA,0,NA,Non-GI,1,0,0,0,0,Spain,1,NA,NA,15.236437797546387,NA,7,1,0,50,1.92,NA,0,Alcampo
NA,0,NA,Non-GI,1,0,0,1,0,Spain,1,NA,NA,15.236437797546387,21.383333333333333,12,0,0,120,1.65,NA,0,Alcampo
NA,0,NA,Non-GI,1,0,0,1,0,Spain,1,NA,NA,15.236437797546387,21.383333333333333,12,0,0,100,1.9,NA,0,Alcampo
NA,0,NA,Non-GI,1,0,0,1,0,Spain,1,NA,NA,15.236437797546387,21.383333333333333,12,1,0,80,2.4,NA,0,Alcampo
NA,0,NA,Non-GI,1,0,0,1,0,Spain,1,NA,NA,15.236437797546387,21.383333333333333,18,1,0,80,2.88,NA,0,Alcampo
NA,0,NA,Non-GI,1,0,0,0,0,Spain,1,NA,NA,15.236437797546387,NA,10,1,0,138,1.72,NA,0,Alcampo
NA,0,NA,Non-GI,1,0,0,1,0,Spain,1,NA,NA,15.236437797546387,21.383333333333333,10,0,0,250,1.34,NA,0,Alcampo
NA,0,NA,Non-GI,1,0,0,0,0,Spain,1,NA,NA,15.236437797546387,NA,7,1,0,180,2.22,NA,0,Alcampo
NA,0,NA,Non-GI,1,0,0,0,0,Spain,1,NA,NA,15.236437797546387,NA,7,1,0,100,1.45,NA,0,Alcampo
NA,0,NA,Non-GI,1,0,0,0,0,Spain,1,NA,NA,15.236437797546387,NA,10,1,0,50,2.78,NA,0,Alcampo
NA,0,NA,Non-GI,1,0,0,1,0,Spain,1,NA,NA,15.236437797546387,21.383333333333333,12,1,0,90,2.21,NA,0,Alcampo
NA,0,NA,Non-GI,1,0,0,0,0,Spain,1,NA,NA,15.236437797546387,NA,7,1,0,90,1.58,NA,0,Alcampo
NA,0,NA,Non-GI,1,0,0,0,0,Spain,1,NA,NA,15.236437797546387,NA,12,1,0,150,1.33,NA,0,Alcampo
NA,0,NA,Non-GI,1,0,0,0,0,Spain,1,NA,NA,15.236437797546387,NA,7,0,0,90,1.61,NA,0,Alcampo
NA,0,NA,Non-GI,1,0,0,1,0,Spain,1,NA,NA,15.236437797546387,21.383333333333333,9,1,0,200,1.75,NA,0,Alcampo
NA,0,NA,Non-GI,1,0,0,1,0,Spain,1,NA,NA,15.236437797546387,21.383333333333333,12,1,0,200,2.23,NA,0,Alcampo
NA,0,NA,Non-GI,1,0,0,0,0,Spain,1,NA,NA,15.236437797546387,NA,7,0,0,500,1.17,NA,0,Alcampo
NA,0,NA,Non-GI,1,0,0,0,0,Spain,1,NA,NA,15.236437797546387,NA,9,1,0,120,2.39,NA,0,Alcampo
NA,0,NA,Non-GI,1,0,0,1,0,Spain,1,NA,NA,15.236437797546387,21.383333333333333,12,1,0,100,1.69,NA,0,Alcampo
NA,0,NA,Non-GI,1,0,0,0,0,Spain,1,NA,NA,15.236437797546387,NA,7,0,0,250,1.34,NA,0,Alcampo
NA,0,NA,Non-GI,1,0,0,0,0,Spain,1,NA,NA,15.236437797546387,NA,7,1,0,180,1.68,NA,0,Alcampo
NA,0,NA,Non-GI,1,0,0,1,0,Spain,1,NA,NA,15.236437797546387,21.383333333333333,9,1,0,360,1.58,NA,0,Alcampo
NA,0,NA,Non-GI,1,0,0,1,0,Spain,1,NA,NA,15.236437797546387,21.383333333333333,7,1,1,80,3.74,NA,0,Alcampo
NA,0,NA,Non-GI,1,0,0,1,0,Spain,1,NA,NA,15.236437797546387,21.383333333333333,15,1,0,120,3.33,NA,0,Alcampo
NA,0,NA,Non-GI,1,0,0,0,0,Spain,1,NA,NA,15.236437797546387,NA,12,1,0,90,2.71,NA,0,Alcampo
NA,0,NA,Non-GI,1,0,0,1,0,Spain,1,NA,NA,15.236437797546387,21.383333333333333,7,1,1,75,4.25,NA,0,Alcampo
NA,0,NA,Non-GI,1,0,0,1,0,Spain,1,NA,NA,15.236437797546387,21.383333333333333,12,1,0,110,2.72,NA,0,Alcampo
NA,0,NA,Non-GI,1,0,0,1,0,Spain,1,NA,NA,15.236437797546387,21.383333333333333,12,1,0,100,2.59,NA,0,Alcampo
NA,0,NA,Non-GI,1,0,0,0,0,Spain,1,NA,NA,15.236437797546387,NA,15,1,0,90,2.94,NA,0,Alcampo
NA,0,NA,Non-GI,1,0,0,0,0,Spain,1,NA,NA,15.236437797546387,NA,10,1,0,104,2.16,NA,0,Alcampo
NA,0,NA,Non-GI,1,0,0,0,0,Spain,1,NA,NA,15.236437797546387,NA,15,0,0,100,2.35,NA,0,Alcampo
NA,0,NA,Non-GI,1,0,0,1,0,Spain,1,NA,NA,15.236437797546387,21.383333333333333,12,1,0,75,2.33,NA,0,Alcampo
NA,0,NA,Non-GI,1,0,0,0,0,Spain,1,NA,NA,15.236437797546387,NA,15,1,0,150,1.93,NA,0,Alcampo
NA,0,NA,Non-GI,1,0,0,0,1,Spain,1,NA,NA,15.236437797546387,NA,20,0,0,80,6.19,NA,0,Alcampo
NA,0,NA,Non-GI,1,0,0,0,1,Spain,1,NA,NA,15.236437797546387,NA,20,1,0,130,4.58,NA,0,Alcampo
NA,0,NA,Non-GI,1,0,0,0,1,Spain,1,NA,NA,15.236437797546387,NA,36,1,0,100,14.9,NA,0,Alcampo
NA,0,NA,Non-GI,1,0,0,0,1,Spain,1,NA,NA,15.236437797546387,NA,36,1,0,100,7.45,NA,0,Alcampo
NA,0,NA,Non-GI,1,0,0,0,1,Spain,1,NA,NA,15.236437797546387,NA,20,1,0,100,4.75,NA,0,Alcampo
NA,0,NA,Non-GI,1,0,0,0,1,Spain,1,NA,NA,15.236437797546387,NA,20,1,0,100,5.25,NA,0,Alcampo
NA,0,NA,Non-GI,1,0,0,0,1,Spain,1,NA,NA,15.236437797546387,NA,20,1,0,200,4.78,NA,0,Alcampo
NA,0,NA,Non-GI,1,0,0,0,1,Spain,1,NA,NA,15.236437797546387,NA,20,1,0,50,5.9,NA,0,Alcampo
NA,0,NA,Non-GI,1,0,0,0,1,Spain,1,NA,NA,15.236437797546387,NA,20,1,0,150,5.73,NA,0,Alcampo
NA,0,NA,Non-GI,1,0,0,0,1,Spain,1,NA,NA,15.236437797546387,NA,20,1,0,110,6.32,NA,0,Alcampo
NA,0,NA,Non-GI,1,0,0,0,1,Spain,1,NA,NA,15.236437797546387,NA,20,1,0,90,6.17,NA,0,Alcampo
NA,0,NA,Non-GI,1,0,0,0,1,Spain,1,NA,NA,15.236437797546387,NA,20,1,0,90,4.38,NA,0,Alcampo
NA,0,NA,Non-GI,1,0,0,0,1,Spain,1,NA,NA,15.236437797546387,NA,20,1,0,250,3.58,NA,0,Alcampo
NA,0,NA,Non-GI,1,0,0,0,1,Spain,1,NA,NA,15.236437797546387,NA,20,1,0,150,3.8,NA,0,Alcampo
NA,0,NA,Non-GI,1,0,0,0,1,Spain,1,NA,NA,15.236437797546387,NA,24,1,0,90,5.5,NA,0,Alcampo
NA,0,NA,Non-GI,1,0,0,0,1,Spain,1,NA,NA,15.236437797546387,NA,20,1,0,90,5.17,NA,0,Alcampo
NA,0,NA,Non-GI,1,0,0,0,1,Spain,1,NA,NA,15.236437797546387,NA,36,1,0,120,15.75,NA,0,Alcampo
NA,0,NA,Non-GI,1,0,0,0,1,Spain,1,NA,NA,15.236437797546387,NA,20,0,0,100,4.24,NA,0,Alcampo
NA,0,NA,Non-GI,1,0,0,0,1,Spain,1,NA,NA,15.236437797546387,NA,20,1,0,150,5.33,NA,0,Alcampo
NA,0,NA,Non-GI,1,0,0,0,1,Spain,1,NA,NA,15.236437797546387,NA,36,1,0,60,16.58,NA,0,Alcampo
NA,0,NA,Non-GI,1,0,0,0,1,Spain,1,NA,NA,15.236437797546387,NA,36,0,0,100,10.99,NA,0,Alcampo
NA,0,NA,Non-GI,1,0,0,0,1,Spain,1,NA,NA,15.236437797546387,NA,20,1,0,60,4.98,NA,0,Alcampo
NA,0,NA,Non-GI,1,0,0,0,1,Spain,1,NA,NA,15.236437797546387,NA,36,1,0,100,10.95,NA,0,Alcampo
Spain,1,Jabugo,PDO,0,1,0,0,1,Spain,1,8.03897476196289,NA,10.485222816467285,23.177777777777777,20,1,0,80,33.48,NA,0,Alcampo
NA,0,NA,Non-GI,1,0,0,0,1,Spain,1,NA,NA,15.236437797546387,NA,20,1,0,90,5.83,NA,0,Alcampo
NA,0,NA,Non-GI,1,0,0,0,1,Spain,1,NA,NA,15.236437797546387,NA,24,1,0,120,9.08,NA,0,Alcampo
NA,0,NA,Non-GI,1,0,0,0,0,Portugal,1,NA,NA,15.236437797546387,NA,12,0,0,150,1.66,NA,0,Minipreço
NA,0,NA,Non-GI,1,0,0,0,0,Portugal,1,NA,NA,15.236437797546387,NA,0,1,0,120,2.99,NA,0,Minipreço
NA,0,NA,Non-GI,1,0,0,0,0,Portugal,1,NA,NA,15.236437797546387,NA,14,1,0,100,5.25,NA,0,Minipreço
NA,0,NA,Non-GI,1,0,0,1,0,Portugal,0,NA,NA,15.236437797546387,21.383333333333333,12,1,0,100,2.99,NA,0,Minipreço
NA,0,NA,Non-GI,1,0,0,1,0,Portugal,0,NA,NA,15.236437797546387,21.383333333333333,7,1,0,120,2.49,NA,0,Minipreço
NA,0,NA,Non-GI,1,0,0,1,0,Portugal,0,NA,NA,15.236437797546387,21.383333333333333,7,0,0,240,1.5,NA,0,Minipreço
NA,0,NA,Non-GI,1,0,0,0,0,Portugal,1,NA,NA,15.236437797546387,NA,0,1,0,70,2.43,NA,0,Minipreço
NA,0,NA,Non-GI,1,0,0,0,0,Portugal,1,NA,NA,15.236437797546387,NA,0,1,0,70,3.21,NA,0,Minipreço
NA,0,NA,Non-GI,1,0,0,0,0,Portugal,1,NA,NA,15.236437797546387,NA,7,0,0,120,1.41,NA,0,Minipreço
NA,0,NA,Non-GI,1,0,0,1,0,Portugal,0,NA,NA,15.236437797546387,21.383333333333333,15,1,0,90,3.32,NA,0,Minipreço
NA,0,NA,Non-GI,1,0,0,1,0,France,0,NA,NA,15.236437797546387,21.383333333333333,10,0,0,100,2.19,NA,0,Cora
NA,0,NA,Non-GI,1,0,0,0,0,France,1,NA,NA,15.236437797546387,NA,9,0,0,120,2.46,NA,0,Cora
NA,0,NA,Non-GI,1,0,0,0,0,France,1,NA,NA,15.236437797546387,NA,4,0,0,250,1.85,NA,0,Cora
France,1,Jambon de Bayonne,PGI,0,0,1,0,0,France,1,9.59626579284668,NA,11.849263191223145,22.483333333333334,9,0,0,120,3.11,NA,0,Cora
NA,0,NA,Non-GI,1,0,0,0,0,France,1,NA,NA,15.236437797546387,NA,7,0,0,90,2.24,NA,0,Cora
NA,0,NA,Non-GI,1,0,0,0,0,France,1,NA,NA,15.236437797546387,NA,4,0,0,80,3.05,NA,0,Cora
NA,0,NA,Non-GI,1,0,0,0,0,France,1,NA,NA,15.236437797546387,NA,7,0,0,300,2.58,NA,0,Cora
France,1,Jambon d'Auvergne,PGI,0,0,1,0,0,France,1,10.064627647399902,NA,15.236437797546387,5.080555555555556,8,0,0,100,3.08,NA,0,Cora
NA,0,NA,Non-GI,1,0,0,0,0,France,1,NA,NA,15.236437797546387,NA,0,0,0,120,2.33,NA,0,Cora
NA,0,NA,Non-GI,1,0,0,0,0,France,1,NA,NA,15.236437797546387,NA,9,0,0,200,2.7,NA,0,Cora
NA,0,NA,Non-GI,1,0,0,0,0,France,1,NA,NA,15.236437797546387,NA,9,0,0,100,2.82,NA,0,Cora
Germany,1,Schwarzwälder Schinken,PGI,0,0,1,0,0,France,0,9.341368675231934,NA,15.236437797546387,24.18611111111111,3,0,0,100,2.21,NA,1,Cora
NA,0,NA,Non-GI,1,0,0,0,1,France,0,NA,NA,15.236437797546387,NA,24,0,0,70,7.63,NA,0,Cora
France,1,Jambon de Bayonne,PGI,0,0,1,0,0,France,1,9.59626579284668,NA,11.849263191223145,22.483333333333334,14,0,0,120,2.58,NA,0,Cora
NA,0,NA,Non-GI,1,0,0,0,0,France,1,NA,NA,15.236437797546387,NA,0,0,0,100,0.99,NA,0,Cora
NA,0,NA,Non-GI,1,0,0,1,0,France,0,NA,NA,15.236437797546387,21.383333333333333,9,1,0,120,2.83,NA,0,Cora
NA,0,NA,Non-GI,1,0,0,0,0,France,0,NA,NA,15.236437797546387,NA,10,1,0,120,2.84,NA,0,Cora
NA,0,NA,Non-GI,1,0,0,0,0,France,0,NA,NA,15.236437797546387,NA,4,0,0,100,1.49,NA,0,Intermarché
Germany,1,Schwarzwälder Schinken,PGI,0,0,1,0,0,France,0,9.341368675231934,NA,15.236437797546387,24.18611111111111,3,0,0,100,2.43,NA,1,Intermarché
NA,0,NA,Non-GI,1,0,0,0,0,France,0,NA,NA,15.236437797546387,NA,7,1,0,90,3.92,NA,0,Intermarché
NA,0,NA,Non-GI,1,0,0,0,0,France,0,NA,NA,15.236437797546387,NA,4,0,0,90,2.83,NA,0,Intermarché
NA,0,NA,Non-GI,1,0,0,0,0,France,0,NA,NA,15.236437797546387,NA,0,1,0,100,3.55,NA,0,Intermarché
NA,0,NA,Non-GI,1,0,0,0,0,France,1,NA,NA,15.236437797546387,NA,0,1,0,220,2.47,NA,0,Intermarché
NA,0,NA,Non-GI,1,0,0,0,0,France,1,NA,NA,15.236437797546387,NA,7,1,0,165,3.1,NA,0,Intermarché
NA,0,NA,Non-GI,1,0,0,0,0,France,1,NA,NA,15.236437797546387,NA,7,0,0,200,2.16,NA,0,Intermarché
NA,0,NA,Non-GI,1,0,0,0,0,France,1,NA,NA,15.236437797546387,NA,4,0,0,240,1.6,NA,0,Intermarché
NA,0,NA,Non-GI,1,0,0,0,0,France,1,NA,NA,15.236437797546387,NA,7,1,0,100,3.85,NA,0,Intermarché
NA,0,NA,Non-GI,1,0,0,0,0,France,1,NA,NA,15.236437797546387,NA,0,0,0,100,2.61,NA,1,Intermarché
NA,0,NA,Non-GI,1,0,0,1,0,France,0,NA,NA,15.236437797546387,21.383333333333333,7,0,0,100,1.76,NA,0,Intermarché
Italy,1,Prosciutto di Parma,PDO,0,1,0,0,0,France,0,6.8877787590026855,11.396391868591309,12.004497528076172,24.77777777777778,14,0,0,70,3.37,140,0,Intermarché
NA,0,NA,Non-GI,1,0,0,0,0,France,1,NA,NA,15.236437797546387,NA,7,1,0,100,4.22,NA,0,Intermarché
NA,0,NA,Non-GI,1,0,0,1,0,France,0,NA,NA,15.236437797546387,21.383333333333333,7,1,0,220,2.95,NA,0,Intermarché
NA,0,NA,Non-GI,1,0,0,0,0,France,0,NA,NA,15.236437797546387,NA,0,0,0,100,2.89,NA,1,Intermarché
France,1,Jambon d'Auvergne,PGI,0,0,1,0,0,France,1,10.064627647399902,NA,15.236437797546387,5.080555555555556,8,0,0,100,3.6,NA,0,Intermarché
NA,0,NA,Non-GI,1,0,0,1,0,France,0,NA,NA,15.236437797546387,21.383333333333333,7,1,0,100,4.09,NA,0,Intermarché
NA,0,NA,Non-GI,1,0,0,0,0,France,1,NA,NA,15.236437797546387,NA,7,0,0,150,2.78,NA,0,Intermarché
NA,0,NA,Non-GI,1,0,0,0,0,France,1,NA,NA,15.236437797546387,NA,9,0,0,100,3.04,NA,0,Intermarché
France,1,Jambon de Bayonne,PGI,0,0,1,0,0,France,1,9.59626579284668,NA,11.849263191223145,22.483333333333334,7,1,0,50,2.68,NA,0,Intermarché
NA,0,NA,Non-GI,1,0,0,0,0,France,1,NA,NA,15.236437797546387,NA,7,0,0,100,2.81,NA,0,Intermarché
France,1,Jambon de Bayonne,PGI,0,0,1,0,0,France,1,9.59626579284668,NA,11.849263191223145,22.483333333333334,7,1,0,100,3.92,NA,0,Intermarché
NA,0,NA,Non-GI,1,0,0,0,0,France,1,NA,NA,15.236437797546387,NA,7,1,0,220,3.25,NA,0,Intermarché
NA,0,NA,Non-GI,1,0,0,0,0,France,1,NA,NA,15.236437797546387,NA,9,0,0,90,3.47,NA,0,Intermarché
NA,0,NA,Non-GI,1,0,0,0,0,France,1,NA,NA,15.236437797546387,NA,7,1,0,55,4.56,NA,0,Intermarché
France,1,Jambon de Bayonne,PGI,0,0,1,0,0,France,1,9.59626579284668,NA,11.849263191223145,22.483333333333334,7,1,0,150,3.53,NA,0,Intermarché
NA,0,NA,Non-GI,1,0,0,0,1,France,0,NA,NA,15.236437797546387,NA,20,0,0,70,5.63,NA,0,Intermarché
Italy,1,Prosciutto di San Daniele,PDO,0,1,0,0,0,France,0,3.5490424633026123,10.16889762878418,12.025091171264648,24.77777777777778,14,0,0,70,5.37,28,0,Intermarché
France,1,Jambon de Vendée,PGI,0,0,1,0,0,France,1,9.0776214599609375,NA,15.236437797546387,6.480555555555555,1,1,0,90,4.22,NA,0,Intermarché
NA,0,NA,Non-GI,1,0,0,0,0,France,1,NA,NA,15.236437797546387,NA,7,1,0,90,3.54,NA,0,Intermarché
France,1,Jambon de Bayonne,PGI,0,0,1,0,0,France,1,9.59626579284668,NA,11.849263191223145,22.483333333333334,7,1,0,200,3.4,NA,0,Intermarché
NA,0,NA,Non-GI,1,0,0,0,0,France,0,NA,NA,15.236437797546387,NA,0,1,0,100,3.4,NA,1,Intermarché
NA,0,NA,Non-GI,1,0,0,0,0,France,0,NA,NA,15.236437797546387,NA,9,1,0,110,3.18,NA,0,Intermarché
Italy,1,Prosciutto di Parma,PDO,0,1,0,0,0,France,0,6.8877787590026855,11.396391868591309,12.004497528076172,24.77777777777778,12,1,0,80,5.89,140,0,Intermarché
NA,0,NA,Non-GI,1,0,0,0,0,France,0,NA,NA,15.236437797546387,NA,4,1,1,70,9.84,NA,0,Intermarché
NA,0,NA,Non-GI,1,0,0,0,0,France,1,NA,NA,15.236437797546387,NA,0,0,0,200,1.29,NA,1,Intermarché
NA,0,NA,Non-GI,1,0,0,0,0,France,1,NA,NA,15.236437797546387,NA,0,0,0,200,1.58,NA,0,Intermarché
NA,0,NA,Non-GI,1,0,0,0,0,France,0,NA,NA,15.236437797546387,NA,0,1,0,80,4.06,NA,0,Intermarché
NA,0,NA,Non-GI,1,0,0,1,0,Netherlands,0,NA,NA,15.236437797546387,21.383333333333333,7,0,0,100,3.25,NA,0,Spar (NL)
Italy,1,Prosciutto di Parma,PDO,0,1,0,0,0,Netherlands,0,6.8877787590026855,11.396391868591309,12.004497528076172,24.77777777777778,12,1,0,70,5.5,140,0,Spar (NL)
